"codigo","ano","nvm_menor_que_20_anos"
110001,2021,60
110002,2021,265
110003,2021,15
110004,2021,148
110005,2021,39
110006,2021,27
110007,2021,27
110008,2021,43
110009,2021,80
110010,2021,194
110011,2021,147
110012,2021,289
110013,2021,97
110014,2021,43
110015,2021,71
110018,2021,96
110020,2021,1168
110025,2021,43
110026,2021,4
110028,2021,106
110029,2021,10
110030,2021,246
110032,2021,41
110033,2021,96
110034,2021,20
110037,2021,24
110040,2021,32
110045,2021,80
110050,2021,8
110060,2021,5
110070,2021,31
110080,2021,71
110090,2021,4
110092,2021,24
110094,2021,52
110100,2021,18
110110,2021,21
110120,2021,8
110130,2021,23
110140,2021,32
110143,2021,12
110145,2021,8
110146,2021,11
110147,2021,5
110148,2021,3
110149,2021,51
110150,2021,34
110155,2021,2
110160,2021,17
110170,2021,18
110175,2021,11
110180,2021,13
120001,2021,44
120005,2021,79
120010,2021,129
120013,2021,61
120017,2021,58
120020,2021,417
120025,2021,57
120030,2021,262
120032,2021,105
120033,2021,97
120034,2021,74
120035,2021,155
120038,2021,72
120039,2021,100
120040,2021,926
120042,2021,102
120043,2021,56
120045,2021,77
120050,2021,212
120060,2021,413
120070,2021,81
120080,2021,94
130002,2021,172
130006,2021,88
130008,2021,57
130010,2021,83
130014,2021,70
130020,2021,62
130030,2021,305
130040,2021,155
130050,2021,268
130060,2021,266
130063,2021,192
130068,2021,98
130070,2021,245
130080,2021,292
130083,2021,64
130090,2021,69
130100,2021,233
130110,2021,169
130115,2021,47
130120,2021,479
130130,2021,173
130140,2021,272
130150,2021,132
130160,2021,234
130165,2021,88
130170,2021,287
130180,2021,138
130185,2021,223
130190,2021,483
130195,2021,84
130200,2021,53
130210,2021,63
130220,2021,78
130230,2021,218
130240,2021,261
130250,2021,575
130255,2021,66
130260,2021,6005
130270,2021,308
130280,2021,157
130290,2021,427
130300,2021,81
130310,2021,182
130320,2021,89
130330,2021,127
130340,2021,502
130350,2021,145
130353,2021,121
130356,2021,93
130360,2021,95
130370,2021,285
130380,2021,341
130390,2021,247
130395,2021,48
130400,2021,55
130406,2021,466
130410,2021,131
130420,2021,570
130423,2021,131
130426,2021,140
130430,2021,71
130440,2021,98
140002,2021,123
140005,2021,226
140010,2021,1427
140015,2021,127
140017,2021,106
140020,2021,115
140023,2021,41
140028,2021,39
140030,2021,95
140040,2021,138
140045,2021,150
140047,2021,120
140050,2021,24
140060,2021,13
140070,2021,192
150010,2021,511
150013,2021,28
150020,2021,249
150030,2021,317
150034,2021,50
150040,2021,327
150050,2021,230
150060,2021,483
150070,2021,293
150080,2021,1032
150085,2021,200
150090,2021,245
150095,2021,115
150100,2021,54
150110,2021,161
150120,2021,156
150125,2021,12
150130,2021,408
150140,2021,2429
150145,2021,70
150150,2021,176
150157,2021,78
150160,2021,48
150170,2021,516
150172,2021,95
150175,2021,23
150178,2021,240
150180,2021,687
150190,2021,103
150195,2021,107
150200,2021,100
150210,2021,602
150215,2021,262
150220,2021,224
150230,2021,218
150240,2021,565
150250,2021,122
150260,2021,40
150270,2021,153
150275,2021,130
150276,2021,70
150277,2021,93
150280,2021,231
150285,2021,64
150290,2021,128
150293,2021,142
150295,2021,129
150300,2021,48
150304,2021,96
150307,2021,109
150309,2021,151
150310,2021,230
150320,2021,107
150330,2021,292
150340,2021,31
150345,2021,181
150350,2021,111
150360,2021,595
150370,2021,220
150375,2021,225
150380,2021,166
150390,2021,269
150400,2021,139
150405,2021,134
150410,2021,25
150420,2021,901
150430,2021,89
150440,2021,68
150442,2021,302
150445,2021,117
150450,2021,192
150460,2021,138
150470,2021,374
150475,2021,56
150480,2021,250
150490,2021,185
150495,2021,97
150497,2021,43
150500,2021,42
150503,2021,158
150506,2021,388
150510,2021,291
150520,2021,228
150530,2021,376
150540,2021,71
150543,2021,184
150548,2021,190
150549,2021,20
150550,2021,386
150553,2021,786
150555,2021,29
150560,2021,18
150563,2021,52
150565,2021,85
150570,2021,84
150580,2021,470
150590,2021,254
150600,2021,211
150610,2021,45
150611,2021,41
150613,2021,334
150616,2021,92
150618,2021,122
150619,2021,129
150620,2021,173
150630,2021,79
150635,2021,82
150640,2021,20
150650,2021,186
150655,2021,71
150658,2021,59
150660,2021,74
150670,2021,159
150680,2021,1181
150690,2021,16
150700,2021,102
150710,2021,57
150715,2021,103
150720,2021,136
150730,2021,314
150740,2021,46
150745,2021,105
150746,2021,19
150747,2021,71
150750,2021,57
150760,2021,187
150770,2021,150
150775,2021,15
150780,2021,93
150790,2021,102
150795,2021,364
150796,2021,39
150797,2021,76
150800,2021,356
150803,2021,125
150805,2021,66
150808,2021,161
150810,2021,336
150812,2021,99
150815,2021,211
150820,2021,131
150830,2021,322
150835,2021,78
150840,2021,196
160005,2021,20
160010,2021,42
160015,2021,87
160020,2021,52
160021,2021,36
160023,2021,45
160025,2021,34
160027,2021,174
160030,2021,1547
160040,2021,152
160050,2021,142
160053,2021,98
160055,2021,38
160060,2021,447
160070,2021,106
160080,2021,70
170025,2021,11
170030,2021,28
170035,2021,18
170040,2021,32
170070,2021,28
170100,2021,31
170105,2021,6
170110,2021,19
170130,2021,12
170190,2021,27
170200,2021,25
170210,2021,408
170215,2021,14
170220,2021,105
170230,2021,13
170240,2021,32
170255,2021,72
170270,2021,11
170290,2021,48
170300,2021,16
170305,2021,14
170307,2021,31
170310,2021,16
170320,2021,8
170330,2021,25
170360,2021,10
170370,2021,13
170380,2021,35
170382,2021,6
170384,2021,53
170386,2021,10
170388,2021,8
170389,2021,16
170390,2021,29
170410,2021,5
170510,2021,7
170550,2021,99
170555,2021,9
170560,2021,10
170600,2021,23
170610,2021,14
170625,2021,1
170650,2021,35
170700,2021,57
170710,2021,25
170720,2021,22
170730,2021,18
170740,2021,34
170755,2021,14
170765,2021,15
170770,2021,22
170820,2021,69
170825,2021,19
170830,2021,13
170900,2021,68
170930,2021,80
170950,2021,180
170980,2021,6
171050,2021,50
171070,2021,11
171090,2021,10
171110,2021,4
171150,2021,5
171180,2021,8
171190,2021,77
171195,2021,15
171200,2021,12
171215,2021,8
171240,2021,15
171245,2021,5
171250,2021,18
171270,2021,11
171280,2021,6
171320,2021,55
171330,2021,24
171360,2021,19
171370,2021,5
171380,2021,13
171395,2021,13
171420,2021,16
171430,2021,10
171488,2021,36
171500,2021,8
171510,2021,14
171515,2021,4
171525,2021,12
171550,2021,4
171570,2021,17
171575,2021,21
171610,2021,131
171620,2021,42
171630,2021,14
171650,2021,39
171660,2021,33
171665,2021,10
171670,2021,19
171700,2021,9
171720,2021,9
171750,2021,15
171780,2021,7
171790,2021,29
171800,2021,11
171820,2021,168
171830,2021,30
171840,2021,11
171845,2021,1
171850,2021,23
171855,2021,13
171865,2021,8
171870,2021,10
171875,2021,21
171880,2021,26
171884,2021,6
171886,2021,21
171888,2021,11
171889,2021,6
171890,2021,19
171900,2021,12
172000,2021,5
172010,2021,19
172015,2021,4
172020,2021,40
172025,2021,5
172030,2021,15
172049,2021,3
172065,2021,16
172080,2021,25
172085,2021,4
172090,2021,27
172093,2021,4
172097,2021,3
172100,2021,528
172110,2021,65
172120,2021,114
172125,2021,8
172130,2021,12
172208,2021,25
172210,2021,30
210005,2021,391
210010,2021,30
210015,2021,54
210020,2021,49
210030,2021,113
210040,2021,17
210043,2021,117
210047,2021,142
210050,2021,48
210055,2021,35
210060,2021,272
210070,2021,66
210080,2021,70
210083,2021,60
210087,2021,38
210090,2021,137
210095,2021,172
210100,2021,81
210110,2021,26
210120,2021,412
210125,2021,39
210130,2021,52
210135,2021,25
210140,2021,371
210150,2021,48
210160,2021,367
210170,2021,273
210173,2021,65
210177,2021,47
210180,2021,10
210190,2021,40
210193,2021,10
210197,2021,55
210200,2021,159
210203,2021,151
210207,2021,33
210210,2021,135
210215,2021,50
210220,2021,150
210230,2021,101
210232,2021,296
210235,2021,59
210237,2021,18
210240,2021,34
210250,2021,72
210255,2021,47
210260,2021,104
210270,2021,79
210275,2021,47
210280,2021,74
210290,2021,110
210300,2021,505
210310,2021,22
210312,2021,33
210315,2021,74
210317,2021,102
210320,2021,382
210325,2021,34
210330,2021,418
210340,2021,148
210350,2021,197
210355,2021,72
210360,2021,253
210370,2021,102
210375,2021,36
210380,2021,72
210390,2021,45
210400,2021,72
210405,2021,105
210407,2021,27
210408,2021,92
210409,2021,72
210410,2021,46
210420,2021,69
210430,2021,36
210440,2021,65
210450,2021,47
210455,2021,77
210460,2021,65
210462,2021,32
210465,2021,30
210467,2021,147
210470,2021,14
210480,2021,401
210490,2021,24
210500,2021,135
210510,2021,90
210515,2021,80
210520,2021,44
210530,2021,653
210535,2021,89
210540,2021,257
210542,2021,80
210545,2021,34
210547,2021,116
210550,2021,78
210560,2021,60
210565,2021,7
210570,2021,177
210580,2021,38
210590,2021,78
210592,2021,30
210594,2021,26
210596,2021,57
210598,2021,19
210600,2021,41
210610,2021,43
210620,2021,33
210630,2021,32
210632,2021,109
210635,2021,29
210637,2021,58
210640,2021,83
210650,2021,78
210660,2021,120
210663,2021,39
210667,2021,27
210670,2021,72
210675,2021,57
210680,2021,56
210690,2021,124
210700,2021,39
210710,2021,56
210720,2021,50
210725,2021,24
210730,2021,9
210735,2021,93
210740,2021,46
210745,2021,62
210750,2021,266
210760,2021,73
210770,2021,69
210780,2021,111
210790,2021,73
210800,2021,48
210805,2021,61
210810,2021,75
210820,2021,109
210825,2021,128
210830,2021,172
210840,2021,31
210845,2021,101
210850,2021,161
210860,2021,277
210870,2021,106
210880,2021,58
210890,2021,51
210900,2021,79
210905,2021,11
210910,2021,149
210920,2021,53
210923,2021,25
210927,2021,95
210930,2021,55
210940,2021,64
210945,2021,99
210950,2021,101
210955,2021,21
210960,2021,140
210970,2021,25
210975,2021,16
210980,2021,137
210990,2021,345
211000,2021,295
211003,2021,83
211010,2021,132
211020,2021,120
211023,2021,36
211027,2021,39
211030,2021,41
211040,2021,97
211050,2021,116
211060,2021,91
211065,2021,30
211070,2021,152
211080,2021,14
211085,2021,34
211090,2021,28
211100,2021,64
211102,2021,66
211105,2021,37
211107,2021,76
211110,2021,80
211120,2021,514
211125,2021,19
211130,2021,1890
211140,2021,68
211150,2021,145
211153,2021,29
211157,2021,21
211160,2021,58
211163,2021,18
211167,2021,18
211170,2021,78
211172,2021,43
211174,2021,37
211176,2021,70
211178,2021,45
211180,2021,70
211190,2021,35
211195,2021,12
211200,2021,34
211210,2021,146
211220,2021,541
211223,2021,71
211227,2021,17
211230,2021,118
211240,2021,154
211245,2021,102
211250,2021,244
211260,2021,160
211270,2021,192
211280,2021,266
211285,2021,44
211290,2021,104
211300,2021,117
211400,2021,220
220005,2021,14
220010,2021,14
220020,2021,49
220025,2021,12
220027,2021,10
220030,2021,22
220040,2021,109
220045,2021,18
220050,2021,54
220060,2021,11
220070,2021,32
220080,2021,9
220090,2021,7
220095,2021,5
220100,2021,14
220105,2021,38
220110,2021,57
220115,2021,73
220117,2021,9
220120,2021,162
220130,2021,14
220140,2021,17
220150,2021,61
220155,2021,12
220157,2021,9
220160,2021,26
220170,2021,9
220173,2021,33
220177,2021,12
220180,2021,3
220190,2021,89
220191,2021,25
220192,2021,17
220194,2021,11
220196,2021,4
220198,2021,13
220200,2021,56
220202,2021,12
220205,2021,16
220207,2021,8
220208,2021,32
220209,2021,22
220210,2021,10
220211,2021,21
220213,2021,16
220217,2021,26
220220,2021,75
220225,2021,9
220230,2021,64
220240,2021,24
220245,2021,10
220250,2021,62
220253,2021,14
220255,2021,20
220260,2021,50
220265,2021,18
220270,2021,63
220271,2021,10
220272,2021,13
220273,2021,8
220275,2021,19
220277,2021,18
220280,2021,16
220285,2021,10
220290,2021,119
220300,2021,23
220310,2021,48
220320,2021,66
220323,2021,18
220325,2021,14
220327,2021,31
220330,2021,27
220335,2021,25
220340,2021,11
220342,2021,11
220345,2021,23
220350,2021,22
220360,2021,13
220370,2021,115
220375,2021,24
220380,2021,9
220385,2021,7
220390,2021,126
220400,2021,19
220410,2021,11
220415,2021,6
220420,2021,10
220430,2021,18
220435,2021,18
220440,2021,38
220450,2021,31
220455,2021,23
220460,2021,5
220465,2021,39
220470,2021,32
220480,2021,13
220490,2021,25
220500,2021,25
220510,2021,35
220515,2021,7
220520,2021,63
220525,2021,13
220527,2021,11
220530,2021,16
220535,2021,5
220540,2021,45
220545,2021,12
220550,2021,98
220551,2021,12
220552,2021,22
220553,2021,19
220554,2021,3
220555,2021,17
220556,2021,12
220557,2021,11
220558,2021,8
220559,2021,18
220560,2021,12
220570,2021,82
220580,2021,66
220585,2021,30
220590,2021,17
220595,2021,26
220600,2021,15
220605,2021,9
220610,2021,23
220620,2021,87
220630,2021,1
220635,2021,14
220640,2021,25
220650,2021,24
220660,2021,70
220665,2021,15
220667,2021,16
220669,2021,16
220670,2021,26
220672,2021,29
220675,2021,8
220680,2021,31
220690,2021,13
220695,2021,7
220700,2021,84
220710,2021,9
220720,2021,17
220730,2021,13
220735,2021,5
220740,2021,21
220750,2021,50
220755,2021,6
220760,2021,42
220770,2021,333
220775,2021,10
220777,2021,8
220779,2021,7
220780,2021,69
220785,2021,8
220790,2021,98
220793,2021,8
220795,2021,12
220800,2021,163
220810,2021,31
220820,2021,51
220830,2021,54
220840,2021,142
220850,2021,48
220855,2021,8
220860,2021,4
220865,2021,23
220870,2021,46
220880,2021,40
220885,2021,21
220887,2021,15
220890,2021,21
220900,2021,20
220910,2021,18
220915,2021,6
220920,2021,29
220930,2021,16
220935,2021,3
220937,2021,15
220940,2021,13
220945,2021,7
220950,2021,10
220955,2021,10
220960,2021,3
220965,2021,14
220970,2021,12
220975,2021,12
220980,2021,8
220985,2021,10
220987,2021,14
220990,2021,10
220995,2021,12
220997,2021,40
221000,2021,95
221005,2021,16
221010,2021,9
221020,2021,13
221030,2021,21
221035,2021,11
221037,2021,6
221038,2021,4
221039,2021,9
221040,2021,38
221050,2021,40
221060,2021,107
221062,2021,16
221063,2021,15
221065,2021,17
221070,2021,39
221080,2021,33
221090,2021,10
221093,2021,15
221095,2021,8
221097,2021,5
221100,2021,1380
221110,2021,124
221120,2021,85
221130,2021,62
221135,2021,24
221140,2021,12
221150,2021,4
221160,2021,5
221170,2021,7
230010,2021,26
230015,2021,37
230020,2021,165
230030,2021,86
230040,2021,34
230050,2021,17
230060,2021,23
230070,2021,37
230075,2021,135
230080,2021,12
230090,2021,29
230100,2021,155
230110,2021,113
230120,2021,44
230125,2021,17
230130,2021,84
230140,2021,19
230150,2021,9
230160,2021,53
230170,2021,45
230180,2021,11
230185,2021,31
230190,2021,167
230195,2021,42
230200,2021,24
230205,2021,44
230210,2021,61
230220,2021,90
230230,2021,52
230240,2021,127
230250,2021,94
230260,2021,153
230270,2021,58
230280,2021,162
230290,2021,36
230300,2021,41
230310,2021,38
230320,2021,62
230330,2021,13
230340,2021,50
230350,2021,136
230360,2021,27
230365,2021,16
230370,2021,705
230380,2021,44
230390,2021,27
230393,2021,35
230395,2021,44
230400,2021,42
230410,2021,147
230420,2021,283
230423,2021,48
230425,2021,50
230426,2021,13
230427,2021,4
230428,2021,110
230430,2021,45
230435,2021,37
230440,2021,3583
230445,2021,36
230450,2021,33
230460,2021,25
230465,2021,32
230470,2021,120
230480,2021,10
230490,2021,10
230495,2021,56
230500,2021,112
230510,2021,12
230520,2021,52
230523,2021,115
230526,2021,28
230530,2021,65
230533,2021,16
230535,2021,29
230540,2021,108
230550,2021,177
230560,2021,45
230565,2021,33
230570,2021,24
230580,2021,104
230590,2021,78
230600,2021,24
230610,2021,73
230620,2021,13
230625,2021,82
230630,2021,106
230640,2021,324
230650,2021,30
230655,2021,95
230660,2021,46
230670,2021,35
230680,2021,17
230690,2021,36
230700,2021,54
230710,2021,61
230720,2021,21
230725,2021,41
230730,2021,458
230740,2021,53
230750,2021,50
230760,2021,71
230763,2021,34
230765,2021,490
230770,2021,140
230780,2021,88
230790,2021,30
230800,2021,75
230810,2021,128
230820,2021,23
230830,2021,50
230835,2021,29
230837,2021,24
230840,2021,95
230850,2021,109
230860,2021,35
230870,2021,99
230880,2021,8
230890,2021,44
230900,2021,19
230910,2021,34
230920,2021,38
230930,2021,68
230940,2021,60
230945,2021,43
230950,2021,31
230960,2021,114
230970,2021,148
230980,2021,18
230990,2021,12
231000,2021,12
231010,2021,19
231020,2021,93
231025,2021,67
231030,2021,68
231040,2021,21
231050,2021,76
231060,2021,28
231070,2021,83
231080,2021,31
231085,2021,52
231090,2021,38
231095,2021,17
231100,2021,25
231110,2021,40
231120,2021,23
231123,2021,8
231126,2021,39
231130,2021,212
231135,2021,32
231140,2021,184
231150,2021,39
231160,2021,73
231170,2021,44
231180,2021,114
231190,2021,40
231195,2021,98
231200,2021,71
231210,2021,45
231220,2021,89
231230,2021,94
231240,2021,129
231250,2021,4
231260,2021,30
231270,2021,46
231280,2021,19
231290,2021,331
231300,2021,36
231310,2021,39
231320,2021,56
231325,2021,14
231330,2021,105
231335,2021,40
231340,2021,217
231350,2021,125
231355,2021,43
231360,2021,66
231370,2021,13
231375,2021,55
231380,2021,55
231390,2021,38
231395,2021,38
231400,2021,59
231410,2021,167
240010,2021,23
240020,2021,110
240030,2021,22
240040,2021,4
240050,2021,30
240060,2021,9
240070,2021,30
240080,2021,22
240090,2021,15
240100,2021,49
240110,2021,54
240120,2021,30
240130,2021,14
240140,2021,27
240145,2021,59
240150,2021,8
240160,2021,8
240165,2021,7
240170,2021,25
240180,2021,33
240185,2021,20
240190,2021,14
240200,2021,88
240210,2021,15
240220,2021,96
240230,2021,28
240240,2021,6
240250,2021,10
240260,2021,185
240270,2021,23
240280,2021,12
240290,2021,11
240300,2021,8
240310,2021,50
240320,2021,18
240325,2021,295
240330,2021,17
240340,2021,5
240350,2021,22
240360,2021,77
240370,2021,12
240375,2021,6
240380,2021,13
240390,2021,6
240400,2021,10
240410,2021,2
240420,2021,69
240430,2021,24
240440,2021,10
240450,2021,56
240460,2021,22
240470,2021,46
240480,2021,2
240485,2021,21
240490,2021,20
240500,2021,18
240510,2021,18
240520,2021,7
240530,2021,26
240540,2021,15
240550,2021,13
240560,2021,27
240570,2021,13
240580,2021,105
240590,2021,4
240600,2021,12
240610,2021,32
240615,2021,10
240620,2021,9
240630,2021,14
240640,2021,6
240650,2021,23
240660,2021,24
240670,2021,22
240680,2021,16
240690,2021,6
240700,2021,25
240710,2021,174
240720,2021,55
240725,2021,10
240730,2021,17
240740,2021,21
240750,2021,35
240760,2021,9
240770,2021,26
240780,2021,41
240790,2021,9
240800,2021,385
240810,2021,1112
240820,2021,62
240830,2021,76
240840,2021,5
240850,2021,10
240860,2021,8
240870,2021,13
240880,2021,30
240890,2021,18
240895,2021,34
240910,2021,19
240920,2021,8
240930,2021,15
240933,2021,10
240940,2021,57
240950,2021,10
240960,2021,5
240970,2021,13
240980,2021,32
240990,2021,24
241000,2021,5
241010,2021,31
241020,2021,10
241025,2021,19
241030,2021,31
241040,2021,22
241050,2021,9
241060,2021,1
241070,2021,5
241080,2021,6
241090,2021,16
241100,2021,7
241105,2021,13
241110,2021,11
241120,2021,69
241140,2021,14
241142,2021,3
241150,2021,43
241160,2021,14
241170,2021,6
241180,2021,3
241190,2021,14
241200,2021,169
241210,2021,7
241220,2021,151
241230,2021,26
241240,2021,11
241250,2021,55
241255,2021,27
241260,2021,17
241270,2021,10
241280,2021,16
241290,2021,19
241300,2021,6
241310,2021,14
241320,2021,12
241330,2021,9
241335,2021,33
241340,2021,13
241350,2021,15
241355,2021,11
241360,2021,10
241370,2021,11
241380,2021,4
241390,2021,19
241400,2021,33
241410,2021,19
241415,2021,7
241420,2021,47
241430,2021,3
241440,2021,107
241445,2021,10
241450,2021,7
241460,2021,27
241470,2021,7
241475,2021,7
241480,2021,38
241490,2021,1
241500,2021,7
250010,2021,23
250020,2021,12
250030,2021,86
250040,2021,52
250050,2021,53
250053,2021,19
250057,2021,12
250060,2021,79
250070,2021,27
250073,2021,6
250077,2021,10
250080,2021,34
250090,2021,28
250100,2021,49
250110,2021,52
250115,2021,6
250120,2021,21
250130,2021,42
250135,2021,9
250140,2021,39
250150,2021,52
250153,2021,10
250157,2021,13
250160,2021,28
250170,2021,17
250180,2021,206
250190,2021,40
250200,2021,9
250205,2021,11
250210,2021,11
250215,2021,14
250220,2021,4
250230,2021,10
250240,2021,34
250250,2021,62
250260,2021,13
250270,2021,16
250280,2021,32
250290,2021,20
250300,2021,83
250310,2021,7
250320,2021,136
250330,2021,17
250340,2021,7
250350,2021,41
250355,2021,50
250360,2021,11
250370,2021,128
250375,2021,13
250380,2021,15
250390,2021,12
250400,2021,782
250403,2021,25
250407,2021,12
250410,2021,3
250415,2021,14
250420,2021,12
250430,2021,45
250435,2021,10
250440,2021,47
250450,2021,9
250460,2021,113
250470,2021,14
250480,2021,36
250485,2021,5
250490,2021,62
250500,2021,32
250510,2021,28
250520,2021,20
250523,2021,17
250527,2021,15
250530,2021,3
250535,2021,5
250540,2021,23
250550,2021,5
250560,2021,19
250570,2021,27
250580,2021,16
250590,2021,8
250600,2021,73
250610,2021,36
250620,2021,5
250625,2021,15
250630,2021,112
250640,2021,32
250650,2021,10
250660,2021,16
250670,2021,22
250680,2021,44
250690,2021,60
250700,2021,48
250710,2021,57
250720,2021,35
250730,2021,45
250740,2021,11
250750,2021,1332
250760,2021,20
250770,2021,58
250780,2021,18
250790,2021,35
250800,2021,19
250810,2021,11
250820,2021,29
250830,2021,68
250840,2021,2
250850,2021,13
250855,2021,1
250860,2021,46
250870,2021,9
250880,2021,17
250890,2021,167
250900,2021,28
250905,2021,39
250910,2021,50
250915,2021,15
250920,2021,24
250930,2021,33
250933,2021,12
250937,2021,2
250939,2021,42
250940,2021,31
250950,2021,13
250960,2021,10
250970,2021,84
250980,2021,19
250990,2021,20
251000,2021,16
251010,2021,17
251020,2021,24
251030,2021,4
251040,2021,14
251050,2021,6
251060,2021,3
251065,2021,2
251070,2021,2
251080,2021,182
251090,2021,31
251100,2021,10
251110,2021,17
251120,2021,82
251130,2021,35
251140,2021,42
251150,2021,35
251160,2021,21
251170,2021,21
251180,2021,29
251190,2021,63
251200,2021,44
251203,2021,7
251207,2021,7
251210,2021,61
251220,2021,5
251230,2021,37
251240,2021,45
251250,2021,94
251260,2021,3
251270,2021,54
251272,2021,14
251274,2021,10
251275,2021,12
251276,2021,18
251278,2021,6
251280,2021,11
251290,2021,79
251300,2021,4
251310,2021,25
251315,2021,22
251320,2021,6
251330,2021,10
251335,2021,8
251340,2021,38
251350,2021,6
251360,2021,10
251365,2021,2
251370,2021,419
251380,2021,6
251385,2021,3
251390,2021,62
251392,2021,10
251394,2021,7
251396,2021,8
251398,2021,4
251400,2021,7
251410,2021,7
251420,2021,14
251430,2021,16
251440,2021,9
251445,2021,5
251450,2021,52
251455,2021,5
251460,2021,8
251465,2021,2
251470,2021,9
251480,2021,10
251490,2021,17
251500,2021,24
251510,2021,20
251520,2021,4
251530,2021,112
251540,2021,33
251550,2021,17
251560,2021,4
251570,2021,8
251580,2021,20
251590,2021,13
251593,2021,7
251597,2021,14
251600,2021,65
251610,2021,31
251615,2021,14
251620,2021,169
251630,2021,34
251640,2021,22
251650,2021,41
251660,2021,23
251670,2021,35
251675,2021,5
251680,2021,14
251690,2021,20
251700,2021,23
251710,2021,8
251720,2021,3
251740,2021,8
260005,2021,189
260010,2021,77
260020,2021,49
260030,2021,63
260040,2021,74
260050,2021,150
260060,2021,36
260070,2021,100
260080,2021,46
260090,2021,74
260100,2021,29
260105,2021,71
260110,2021,349
260120,2021,191
260130,2021,34
260140,2021,142
260150,2021,25
260160,2021,73
260170,2021,168
260180,2021,27
260190,2021,124
260200,2021,95
260210,2021,88
260220,2021,65
260230,2021,140
260240,2021,29
260250,2021,16
260260,2021,127
260270,2021,46
260280,2021,165
260290,2021,463
260300,2021,122
260310,2021,57
260320,2021,66
260330,2021,30
260340,2021,19
260345,2021,231
260350,2021,47
260360,2021,11
260370,2021,55
260380,2021,32
260390,2021,46
260392,2021,71
260400,2021,144
260410,2021,780
260415,2021,34
260420,2021,96
260430,2021,24
260440,2021,44
260450,2021,57
260460,2021,60
260470,2021,36
260480,2021,31
260490,2021,25
260500,2021,55
260510,2021,100
260515,2021,45
260520,2021,142
260530,2021,72
260540,2021,54
260545,2021,2
260550,2021,22
260560,2021,39
260570,2021,103
260580,2021,18
260590,2021,78
260600,2021,301
260610,2021,49
260620,2021,213
260630,2021,27
260640,2021,161
260650,2021,58
260660,2021,82
260670,2021,22
260680,2021,257
260690,2021,21
260700,2021,93
260710,2021,13
260720,2021,359
260730,2021,143
260740,2021,21
260750,2021,84
260760,2021,62
260765,2021,91
260770,2021,32
260775,2021,77
260780,2021,46
260790,2021,1239
260795,2021,38
260800,2021,38
260805,2021,43
260810,2021,52
260820,2021,59
260825,2021,30
260830,2021,45
260840,2021,41
260845,2021,40
260850,2021,59
260860,2021,23
260870,2021,27
260875,2021,71
260880,2021,108
260890,2021,118
260900,2021,68
260910,2021,46
260915,2021,54
260920,2021,35
260930,2021,57
260940,2021,144
260950,2021,51
260960,2021,697
260970,2021,38
260980,2021,47
260990,2021,200
261000,2021,148
261010,2021,16
261020,2021,67
261030,2021,26
261040,2021,28
261050,2021,65
261060,2021,142
261070,2021,443
261080,2021,84
261090,2021,173
261100,2021,132
261110,2021,931
261120,2021,29
261130,2021,59
261140,2021,41
261150,2021,39
261153,2021,15
261160,2021,2192
261170,2021,40
261180,2021,98
261190,2021,85
261200,2021,21
261210,2021,9
261220,2021,163
261230,2021,28
261240,2021,61
261245,2021,53
261247,2021,38
261250,2021,183
261255,2021,40
261260,2021,140
261270,2021,36
261280,2021,20
261290,2021,42
261300,2021,142
261310,2021,117
261320,2021,64
261330,2021,58
261340,2021,72
261350,2021,92
261360,2021,58
261370,2021,220
261380,2021,57
261390,2021,225
261400,2021,37
261410,2021,83
261420,2021,128
261430,2021,29
261440,2021,9
261450,2021,97
261460,2021,67
261470,2021,30
261480,2021,50
261485,2021,97
261500,2021,60
261510,2021,22
261520,2021,21
261530,2021,99
261540,2021,120
261550,2021,46
261560,2021,119
261570,2021,21
261580,2021,70
261590,2021,18
261600,2021,47
261610,2021,18
261618,2021,15
261620,2021,48
261630,2021,66
261640,2021,318
261650,2021,55
270010,2021,47
270020,2021,55
270030,2021,530
270040,2021,144
270050,2021,75
270060,2021,26
270070,2021,68
270080,2021,9
270090,2021,26
270100,2021,53
270110,2021,45
270120,2021,43
270130,2021,68
270135,2021,25
270140,2021,142
270150,2021,32
270160,2021,77
270170,2021,53
270180,2021,35
270190,2021,18
270200,2021,25
270210,2021,82
270220,2021,22
270230,2021,203
270235,2021,80
270240,2021,154
270250,2021,28
270255,2021,37
270260,2021,51
270270,2021,10
270280,2021,37
270290,2021,96
270300,2021,79
270310,2021,66
270320,2021,61
270330,2021,60
270340,2021,21
270350,2021,13
270360,2021,54
270370,2021,23
270375,2021,45
270380,2021,80
270390,2021,15
270400,2021,67
270410,2021,61
270420,2021,69
270430,2021,2150
270440,2021,70
270450,2021,165
270460,2021,37
270470,2021,218
270480,2021,34
270490,2021,2
270500,2021,64
270510,2021,107
270520,2021,85
270530,2021,17
270540,2021,21
270550,2021,101
270560,2021,40
270570,2021,72
270580,2021,24
270590,2021,13
270600,2021,39
270610,2021,43
270620,2021,18
270630,2021,224
270640,2021,78
270642,2021,46
270644,2021,48
270650,2021,61
270660,2021,23
270670,2021,183
270680,2021,66
270690,2021,131
270700,2021,2
270710,2021,84
270720,2021,45
270730,2021,93
270740,2021,42
270750,2021,68
270760,2021,33
270770,2021,278
270780,2021,37
270790,2021,27
270800,2021,146
270810,2021,37
270820,2021,22
270830,2021,98
270840,2021,114
270850,2021,131
270860,2021,189
270870,2021,31
270880,2021,97
270890,2021,43
270895,2021,40
270900,2021,17
270910,2021,40
270915,2021,120
270920,2021,70
270930,2021,261
270940,2021,89
280010,2021,4
280020,2021,47
280030,2021,891
280040,2021,32
280050,2021,41
280060,2021,86
280067,2021,59
280070,2021,46
280100,2021,35
280110,2021,14
280120,2021,107
280130,2021,115
280140,2021,55
280150,2021,41
280160,2021,7
280170,2021,63
280190,2021,9
280200,2021,10
280210,2021,166
280220,2021,17
280230,2021,33
280240,2021,29
280250,2021,8
280260,2021,15
280270,2021,35
280280,2021,51
280290,2021,185
280300,2021,121
280310,2021,13
280320,2021,97
280330,2021,37
280340,2021,47
280350,2021,206
280360,2021,68
280370,2021,8
280380,2021,8
280390,2021,25
280400,2021,49
280410,2021,15
280420,2021,51
280430,2021,23
280440,2021,47
280445,2021,10
280450,2021,111
280460,2021,68
280470,2021,11
280480,2021,431
280490,2021,56
280500,2021,7
280510,2021,30
280520,2021,20
280530,2021,27
280540,2021,103
280550,2021,33
280560,2021,79
280570,2021,67
280580,2021,32
280590,2021,25
280600,2021,17
280610,2021,35
280620,2021,51
280630,2021,54
280640,2021,24
280650,2021,9
280660,2021,31
280670,2021,199
280680,2021,25
280690,2021,8
280700,2021,7
280710,2021,81
280720,2021,16
280730,2021,12
280740,2021,112
280750,2021,21
280760,2021,79
290010,2021,3
290020,2021,61
290030,2021,30
290035,2021,21
290040,2021,19
290050,2021,15
290060,2021,5
290070,2021,246
290080,2021,90
290090,2021,4
290100,2021,49
290110,2021,12
290115,2021,56
290120,2021,37
290130,2021,35
290135,2021,26
290140,2021,29
290150,2021,7
290160,2021,30
290170,2021,17
290180,2021,19
290190,2021,37
290195,2021,22
290200,2021,27
290205,2021,23
290210,2021,140
290220,2021,18
290225,2021,20
290230,2021,15
290240,2021,57
290250,2021,24
290260,2021,30
290265,2021,31
290270,2021,204
290280,2021,52
290290,2021,81
290300,2021,29
290310,2021,16
290320,2021,323
290323,2021,33
290327,2021,25
290330,2021,17
290340,2021,78
290350,2021,41
290360,2021,33
290370,2021,32
290380,2021,47
290390,2021,182
290395,2021,21
290400,2021,23
290405,2021,60
290410,2021,36
290420,2021,15
290430,2021,26
290440,2021,13
290450,2021,24
290460,2021,94
290470,2021,60
290475,2021,64
290480,2021,13
290485,2021,47
290490,2021,54
290500,2021,34
290510,2021,35
290515,2021,15
290520,2021,71
290530,2021,68
290540,2021,47
290550,2021,36
290560,2021,89
290570,2021,422
290580,2021,115
290590,2021,112
290600,2021,246
290610,2021,25
290620,2021,80
290630,2021,126
290640,2021,8
290650,2021,124
290660,2021,22
290670,2021,60
290680,2021,99
290682,2021,40
290685,2021,22
290687,2021,68
290689,2021,13
290690,2021,62
290700,2021,29
290710,2021,92
290720,2021,215
290730,2021,45
290740,2021,12
290750,2021,67
290755,2021,15
290760,2021,48
290770,2021,38
290780,2021,72
290790,2021,44
290800,2021,59
290810,2021,33
290820,2021,22
290830,2021,22
290840,2021,152
290850,2021,36
290860,2021,73
290870,2021,26
290880,2021,8
290890,2021,36
290900,2021,4
290910,2021,29
290920,2021,36
290930,2021,78
290940,2021,39
290950,2021,8
290960,2021,42
290970,2021,23
290980,2021,89
290990,2021,129
291000,2021,35
291005,2021,122
291010,2021,14
291020,2021,5
291030,2021,7
291040,2021,53
291050,2021,96
291060,2021,66
291070,2021,125
291072,2021,265
291075,2021,23
291077,2021,8
291080,2021,1039
291085,2021,43
291090,2021,12
291100,2021,15
291110,2021,108
291120,2021,88
291125,2021,6
291130,2021,25
291140,2021,41
291150,2021,14
291160,2021,41
291165,2021,6
291170,2021,109
291180,2021,48
291185,2021,12
291190,2021,67
291200,2021,7
291210,2021,50
291220,2021,42
291230,2021,24
291240,2021,37
291250,2021,18
291260,2021,16
291270,2021,75
291280,2021,19
291290,2021,52
291300,2021,19
291310,2021,46
291320,2021,64
291330,2021,10
291340,2021,18
291345,2021,40
291350,2021,57
291360,2021,350
291370,2021,71
291380,2021,23
291390,2021,108
291400,2021,111
291410,2021,12
291420,2021,12
291430,2021,18
291440,2021,72
291450,2021,32
291460,2021,153
291465,2021,144
291470,2021,154
291480,2021,366
291490,2021,94
291500,2021,42
291510,2021,49
291520,2021,30
291530,2021,17
291535,2021,42
291540,2021,23
291550,2021,35
291560,2021,201
291570,2021,33
291580,2021,59
291590,2021,15
291600,2021,30
291610,2021,54
291620,2021,24
291630,2021,29
291640,2021,173
291650,2021,75
291660,2021,19
291670,2021,22
291680,2021,36
291685,2021,24
291690,2021,16
291700,2021,80
291710,2021,43
291720,2021,27
291730,2021,50
291733,2021,19
291735,2021,21
291740,2021,13
291750,2021,192
291760,2021,118
291770,2021,78
291780,2021,27
291790,2021,22
291800,2021,307
291810,2021,112
291820,2021,26
291830,2021,52
291835,2021,75
291840,2021,758
291845,2021,28
291850,2021,38
291855,2021,7
291860,2021,5
291870,2021,8
291875,2021,18
291880,2021,48
291890,2021,9
291900,2021,8
291905,2021,10
291910,2021,18
291915,2021,87
291920,2021,286
291930,2021,25
291940,2021,11
291950,2021,68
291955,2021,258
291960,2021,33
291970,2021,27
291980,2021,89
291990,2021,25
291992,2021,20
291995,2021,11
292000,2021,26
292010,2021,24
292020,2021,50
292030,2021,9
292040,2021,36
292045,2021,19
292050,2021,61
292060,2021,63
292070,2021,65
292080,2021,19
292090,2021,42
292100,2021,90
292105,2021,29
292110,2021,55
292120,2021,41
292130,2021,26
292140,2021,44
292145,2021,9
292150,2021,129
292160,2021,21
292170,2021,85
292180,2021,13
292190,2021,30
292200,2021,124
292205,2021,38
292210,2021,37
292220,2021,4
292225,2021,39
292230,2021,44
292240,2021,52
292250,2021,48
292260,2021,38
292265,2021,32
292270,2021,35
292273,2021,10
292275,2021,14
292280,2021,30
292285,2021,17
292290,2021,71
292300,2021,113
292303,2021,19
292305,2021,26
292310,2021,66
292320,2021,42
292330,2021,5
292335,2021,56
292340,2021,34
292350,2021,26
292360,2021,25
292370,2021,77
292380,2021,31
292390,2021,36
292400,2021,274
292405,2021,16
292410,2021,11
292420,2021,52
292430,2021,37
292440,2021,131
292450,2021,18
292460,2021,57
292465,2021,11
292467,2021,18
292470,2021,12
292480,2021,45
292490,2021,13
292500,2021,53
292510,2021,106
292520,2021,62
292525,2021,67
292530,2021,513
292540,2021,21
292550,2021,134
292560,2021,24
292570,2021,14
292575,2021,71
292580,2021,75
292590,2021,67
292593,2021,14
292595,2021,43
292600,2021,143
292610,2021,20
292620,2021,56
292630,2021,60
292640,2021,60
292650,2021,37
292660,2021,135
292665,2021,18
292670,2021,6
292680,2021,14
292690,2021,9
292700,2021,89
292710,2021,37
292720,2021,78
292730,2021,25
292740,2021,2701
292750,2021,40
292760,2021,34
292770,2021,87
292780,2021,14
292790,2021,12
292800,2021,115
292805,2021,48
292810,2021,92
292820,2021,57
292830,2021,4
292840,2021,55
292850,2021,21
292860,2021,92
292870,2021,164
292880,2021,77
292890,2021,136
292895,2021,8
292900,2021,20
292905,2021,30
292910,2021,35
292920,2021,67
292925,2021,40
292930,2021,30
292935,2021,14
292937,2021,40
292940,2021,14
292950,2021,64
292960,2021,31
292970,2021,36
292975,2021,13
292980,2021,26
292990,2021,81
293000,2021,15
293010,2021,184
293015,2021,126
293020,2021,129
293030,2021,30
293040,2021,19
293050,2021,172
293060,2021,22
293070,2021,206
293075,2021,43
293076,2021,26
293077,2021,78
293080,2021,39
293090,2021,19
293100,2021,27
293105,2021,26
293110,2021,14
293120,2021,57
293130,2021,42
293135,2021,398
293140,2021,14
293150,2021,42
293160,2021,31
293170,2021,22
293180,2021,20
293190,2021,99
293200,2021,42
293210,2021,36
293220,2021,50
293230,2021,36
293240,2021,27
293245,2021,47
293250,2021,49
293260,2021,14
293270,2021,72
293280,2021,36
293290,2021,223
293300,2021,34
293305,2021,19
293310,2021,15
293315,2021,31
293317,2021,13
293320,2021,81
293325,2021,22
293330,2021,644
293340,2021,23
293345,2021,47
293350,2021,86
293360,2021,199
310010,2021,6
310020,2021,25
310030,2021,20
310040,2021,6
310050,2021,17
310060,2021,25
310070,2021,2
310080,2021,4
310090,2021,55
310100,2021,29
310110,2021,43
310120,2021,4
310130,2021,6
310140,2021,5
310150,2021,51
310160,2021,117
310163,2021,10
310170,2021,102
310180,2021,13
310190,2021,23
310200,2021,19
310205,2021,14
310210,2021,12
310220,2021,5
310230,2021,14
310240,2021,8
310250,2021,4
310260,2021,61
310270,2021,13
310280,2021,11
310285,2021,19
310290,2021,11
310300,2021,12
310320,2021,2
310330,2021,4
310340,2021,73
310350,2021,117
310360,2021,3
310370,2021,16
310375,2021,15
310390,2021,10
310400,2021,150
310410,2021,10
310420,2021,34
310430,2021,15
310440,2021,3
310445,2021,11
310450,2021,30
310460,2021,10
310470,2021,23
310480,2021,5
310490,2021,18
310500,2021,7
310510,2021,35
310520,2021,10
310530,2021,7
310540,2021,45
310550,2021,6
310560,2021,108
310570,2021,5
310590,2021,19
310600,2021,8
310610,2021,3
310620,2021,1776
310630,2021,40
310640,2021,12
310650,2021,8
310660,2021,26
310665,2021,9
310670,2021,529
310680,2021,6
310690,2021,15
310700,2021,1
310710,2021,50
310720,2021,1
310730,2021,90
310740,2021,84
310750,2021,4
310760,2021,9
310770,2021,6
310780,2021,26
310790,2021,33
310800,2021,20
310810,2021,2
310820,2021,6
310825,2021,19
310830,2021,17
310840,2021,19
310850,2021,10
310855,2021,42
310860,2021,46
310870,2021,5
310880,2021,5
310890,2021,13
310900,2021,51
310910,2021,9
310920,2021,18
310925,2021,5
310930,2021,70
310940,2021,56
310945,2021,10
310950,2021,12
310960,2021,6
310970,2021,14
310980,2021,2
310990,2021,14
311000,2021,44
311010,2021,2
311020,2021,6
311030,2021,15
311040,2021,4
311050,2021,45
311060,2021,34
311070,2021,21
311080,2021,6
311090,2021,26
311100,2021,37
311110,2021,21
311115,2021,5
311120,2021,77
311130,2021,16
311140,2021,25
311150,2021,30
311160,2021,42
311170,2021,3
311180,2021,12
311190,2021,4
311200,2021,11
311205,2021,7
311210,2021,15
311220,2021,4
311230,2021,79
311240,2021,10
311250,2021,10
311260,2021,21
311265,2021,11
311270,2021,37
311280,2021,15
311290,2021,21
311300,2021,61
311320,2021,25
311330,2021,53
311340,2021,140
311350,2021,12
311360,2021,6
311370,2021,35
311380,2021,8
311390,2021,19
311400,2021,9
311410,2021,24
311420,2021,24
311430,2021,37
311440,2021,20
311450,2021,18
311455,2021,12
311460,2021,7
311470,2021,3
311480,2021,4
311490,2021,3
311500,2021,6
311510,2021,29
311520,2021,5
311530,2021,83
311535,2021,9
311540,2021,5
311545,2021,21
311547,2021,6
311550,2021,23
311570,2021,12
311580,2021,8
311590,2021,3
311600,2021,16
311610,2021,13
311615,2021,43
311620,2021,8
311630,2021,7
311640,2021,1
311650,2021,10
311660,2021,38
311670,2021,5
311680,2021,13
311690,2021,7
311700,2021,8
311710,2021,13
311720,2021,4
311730,2021,50
311740,2021,10
311750,2021,38
311760,2021,7
311770,2021,17
311780,2021,6
311783,2021,10
311787,2021,9
311790,2021,12
311800,2021,67
311810,2021,12
311820,2021,8
311830,2021,137
311840,2021,28
311850,2021,1
311860,2021,599
311870,2021,12
311880,2021,44
311890,2021,11
311900,2021,8
311910,2021,46
311920,2021,9
311930,2021,33
311940,2021,122
311950,2021,13
311960,2021,5
311970,2021,3
311980,2021,1
311995,2021,3
312000,2021,8
312010,2021,11
312015,2021,21
312020,2021,14
312030,2021,8
312040,2021,4
312050,2021,17
312060,2021,5
312070,2021,4
312080,2021,21
312083,2021,15
312087,2021,22
312090,2021,129
312100,2021,8
312110,2021,5
312120,2021,14
312125,2021,24
312130,2021,6
312140,2021,10
312150,2021,2
312160,2021,64
312170,2021,6
312180,2021,5
312190,2021,5
312200,2021,31
312210,2021,7
312220,2021,7
312230,2021,164
312235,2021,10
312240,2021,15
312245,2021,13
312247,2021,11
312250,2021,11
312260,2021,8
312270,2021,3
312280,2021,2
312290,2021,7
312300,2021,9
312310,2021,9
312320,2021,17
312330,2021,5
312340,2021,2
312350,2021,2
312352,2021,24
312360,2021,54
312370,2021,24
312380,2021,10
312385,2021,16
312390,2021,7
312400,2021,22
312410,2021,121
312420,2021,42
312430,2021,56
312440,2021,23
312450,2021,7
312470,2021,2
312480,2021,15
312490,2021,9
312500,2021,5
312510,2021,93
312520,2021,2
312530,2021,3
312540,2021,6
312550,2021,2
312560,2021,8
312570,2021,21
312580,2021,1
312590,2021,9
312595,2021,14
312600,2021,8
312610,2021,53
312620,2021,13
312630,2021,4
312640,2021,8
312650,2021,7
312660,2021,9
312670,2021,29
312675,2021,12
312680,2021,14
312690,2021,21
312695,2021,4
312700,2021,19
312705,2021,10
312707,2021,6
312710,2021,87
312720,2021,10
312730,2021,10
312733,2021,11
312735,2021,4
312737,2021,5
312738,2021,1
312740,2021,4
312750,2021,7
312760,2021,11
312770,2021,397
312780,2021,27
312790,2021,1
312800,2021,46
312810,2021,11
312820,2021,10
312825,2021,7
312830,2021,30
312840,2021,8
312850,2021,6
312860,2021,6
312870,2021,53
312880,2021,18
312890,2021,21
312900,2021,10
312910,2021,2
312920,2021,3
312930,2021,17
312940,2021,8
312950,2021,40
312960,2021,18
312965,2021,9
312970,2021,21
312980,2021,265
312990,2021,7
313000,2021,2
313005,2021,16
313010,2021,79
313020,2021,18
313030,2021,7
313040,2021,10
313050,2021,17
313055,2021,15
313060,2021,4
313065,2021,5
313070,2021,8
313080,2021,1
313090,2021,22
313100,2021,8
313110,2021,7
313115,2021,31
313120,2021,38
313130,2021,241
313140,2021,9
313150,2021,10
313160,2021,17
313170,2021,122
313180,2021,19
313190,2021,67
313200,2021,5
313210,2021,63
313220,2021,10
313230,2021,39
313240,2021,96
313250,2021,44
313260,2021,2
313270,2021,50
313280,2021,2
313290,2021,22
313300,2021,21
313310,2021,17
313320,2021,23
313330,2021,40
313340,2021,13
313350,2021,20
313360,2021,11
313370,2021,18
313375,2021,13
313380,2021,70
313390,2021,4
313400,2021,31
313410,2021,2
313420,2021,132
313430,2021,6
313440,2021,61
313450,2021,11
313460,2021,28
313470,2021,24
313480,2021,14
313490,2021,35
313500,2021,4
313505,2021,105
313507,2021,11
313510,2021,131
313520,2021,149
313530,2021,7
313535,2021,12
313540,2021,5
313545,2021,12
313550,2021,16
313560,2021,12
313570,2021,10
313580,2021,62
313590,2021,5
313600,2021,50
313610,2021,3
313620,2021,90
313630,2021,108
313640,2021,6
313650,2021,15
313652,2021,2
313655,2021,8
313657,2021,9
313660,2021,5
313665,2021,35
313670,2021,526
313680,2021,5
313690,2021,6
313695,2021,14
313700,2021,31
313710,2021,5
313720,2021,50
313730,2021,13
313740,2021,16
313750,2021,26
313753,2021,13
313760,2021,56
313770,2021,34
313780,2021,25
313790,2021,2
313800,2021,3
313810,2021,24
313820,2021,121
313830,2021,3
313835,2021,7
313840,2021,69
313850,2021,7
313860,2021,28
313862,2021,9
313865,2021,10
313867,2021,14
313868,2021,14
313870,2021,3
313880,2021,18
313890,2021,15
313900,2021,50
313910,2021,4
313920,2021,29
313925,2021,9
313930,2021,72
313940,2021,172
313950,2021,34
313960,2021,42
313970,2021,9
313980,2021,15
313990,2021,14
314000,2021,76
314010,2021,10
314015,2021,29
314020,2021,4
314030,2021,4
314040,2021,4
314050,2021,12
314053,2021,28
314055,2021,17
314060,2021,11
314070,2021,55
314080,2021,15
314085,2021,31
314090,2021,49
314100,2021,14
314110,2021,40
314120,2021,1
314130,2021,3
314140,2021,50
314150,2021,5
314160,2021,10
314170,2021,4
314180,2021,43
314190,2021,7
314200,2021,22
314210,2021,11
314220,2021,16
314225,2021,10
314230,2021,4
314240,2021,9
314250,2021,2
314260,2021,13
314270,2021,33
314280,2021,42
314290,2021,22
314300,2021,14
314310,2021,69
314315,2021,20
314320,2021,33
314330,2021,546
314340,2021,11
314345,2021,16
314350,2021,12
314360,2021,3
314370,2021,3
314380,2021,9
314390,2021,123
314400,2021,47
314410,2021,19
314420,2021,3
314430,2021,77
314435,2021,19
314437,2021,6
314440,2021,5
314450,2021,12
314460,2021,24
314465,2021,10
314467,2021,7
314470,2021,18
314480,2021,71
314490,2021,10
314500,2021,22
314505,2021,11
314510,2021,25
314520,2021,175
314530,2021,66
314535,2021,21
314537,2021,14
314540,2021,2
314545,2021,6
314550,2021,7
314560,2021,24
314570,2021,2
314580,2021,5
314585,2021,8
314587,2021,21
314590,2021,19
314600,2021,47
314610,2021,80
314620,2021,12
314625,2021,10
314630,2021,33
314650,2021,11
314655,2021,17
314660,2021,1
314670,2021,10
314675,2021,9
314690,2021,32
314700,2021,151
314710,2021,107
314720,2021,21
314730,2021,15
314740,2021,49
314760,2021,15
314770,2021,3
314780,2021,1
314790,2021,136
314795,2021,5
314800,2021,130
314810,2021,130
314820,2021,15
314830,2021,10
314840,2021,4
314850,2021,17
314860,2021,40
314870,2021,51
314875,2021,16
314880,2021,6
314890,2021,2
314900,2021,2
314910,2021,8
314915,2021,20
314920,2021,3
314930,2021,67
314940,2021,3
314950,2021,5
314960,2021,7
314970,2021,20
314980,2021,35
314990,2021,17
314995,2021,15
315000,2021,5
315010,2021,6
315015,2021,30
315020,2021,4
315030,2021,3
315040,2021,6
315050,2021,9
315053,2021,7
315057,2021,13
315060,2021,4
315070,2021,13
315080,2021,18
315090,2021,4
315100,2021,6
315110,2021,15
315120,2021,96
315130,2021,15
315140,2021,36
315150,2021,39
315160,2021,22
315170,2021,12
315180,2021,154
315190,2021,15
315200,2021,59
315210,2021,65
315213,2021,15
315217,2021,25
315220,2021,44
315230,2021,6
315240,2021,38
315250,2021,174
315260,2021,4
315270,2021,12
315280,2021,64
315290,2021,10
315300,2021,2
315310,2021,4
315320,2021,1
315330,2021,3
315340,2021,30
315350,2021,10
315360,2021,18
315370,2021,4
315380,2021,3
315390,2021,15
315400,2021,24
315410,2021,11
315415,2021,18
315420,2021,5
315430,2021,24
315445,2021,19
315450,2021,21
315460,2021,495
315470,2021,5
315480,2021,17
315490,2021,20
315500,2021,1
315510,2021,10
315520,2021,3
315530,2021,6
315540,2021,15
315550,2021,23
315560,2021,69
315570,2021,16
315580,2021,26
315590,2021,4
315600,2021,12
315610,2021,1
315620,2021,3
315630,2021,20
315640,2021,5
315645,2021,6
315650,2021,6
315660,2021,14
315670,2021,179
315680,2021,22
315690,2021,44
315700,2021,61
315710,2021,15
315720,2021,35
315725,2021,8
315727,2021,5
315730,2021,1
315733,2021,11
315737,2021,7
315740,2021,7
315750,2021,12
315760,2021,10
315765,2021,33
315770,2021,32
315780,2021,284
315790,2021,52
315800,2021,13
315810,2021,9
315820,2021,29
315830,2021,8
315840,2021,2
315850,2021,10
315860,2021,3
315880,2021,7
315890,2021,31
315895,2021,44
315900,2021,6
315910,2021,3
315920,2021,10
315930,2021,8
315935,2021,18
315940,2021,4
315950,2021,7
315960,2021,48
315970,2021,10
315980,2021,34
315990,2021,25
316000,2021,6
316010,2021,6
316020,2021,6
316030,2021,25
316040,2021,40
316045,2021,14
316050,2021,2
316060,2021,7
316070,2021,53
316080,2021,9
316090,2021,5
316095,2021,9
316100,2021,14
316105,2021,7
316110,2021,124
316120,2021,5
316130,2021,6
316140,2021,3
316150,2021,13
316160,2021,13
316165,2021,7
316170,2021,11
316180,2021,17
316190,2021,8
316200,2021,38
316210,2021,139
316220,2021,10
316225,2021,5
316230,2021,2
316240,2021,37
316245,2021,61
316250,2021,89
316255,2021,21
316257,2021,10
316260,2021,12
316265,2021,6
316270,2021,23
316280,2021,29
316290,2021,34
316292,2021,55
316294,2021,15
316295,2021,25
316300,2021,14
316310,2021,6
316320,2021,6
316330,2021,3
316340,2021,6
316350,2021,11
316360,2021,9
316370,2021,47
316380,2021,6
316390,2021,6
316400,2021,6
316410,2021,11
316420,2021,20
316430,2021,11
316440,2021,8
316443,2021,4
316447,2021,13
316450,2021,20
316460,2021,22
316470,2021,80
316490,2021,2
316500,2021,19
316510,2021,11
316520,2021,5
316530,2021,11
316540,2021,11
316550,2021,9
316553,2021,30
316555,2021,27
316556,2021,2
316557,2021,21
316560,2021,1
316570,2021,7
316580,2021,1
316590,2021,5
316600,2021,8
316610,2021,4
316620,2021,11
316630,2021,17
316640,2021,3
316650,2021,15
316670,2021,21
316680,2021,28
316690,2021,10
316695,2021,6
316700,2021,6
316710,2021,28
316720,2021,261
316730,2021,1
316740,2021,3
316750,2021,3
316760,2021,47
316770,2021,8
316780,2021,3
316790,2021,4
316800,2021,51
316805,2021,5
316810,2021,5
316820,2021,1
316830,2021,3
316840,2021,32
316850,2021,11
316860,2021,247
316870,2021,75
316880,2021,12
316890,2021,14
316900,2021,22
316910,2021,10
316920,2021,6
316930,2021,97
316935,2021,56
316940,2021,71
316950,2021,13
316960,2021,36
316970,2021,19
316980,2021,5
316990,2021,142
317000,2021,37
317005,2021,20
317010,2021,412
317020,2021,690
317030,2021,9
317040,2021,134
317043,2021,8
317047,2021,3
317050,2021,20
317052,2021,17
317057,2021,7
317060,2021,5
317065,2021,5
317070,2021,156
317075,2021,9
317080,2021,59
317090,2021,39
317100,2021,20
317103,2021,24
317107,2021,6
317110,2021,6
317115,2021,8
317120,2021,180
317130,2021,70
317140,2021,7
317150,2021,7
317160,2021,15
317170,2021,11
317180,2021,19
317190,2021,8
317200,2021,63
317210,2021,7
317220,2021,4
320010,2021,66
320013,2021,14
320016,2021,24
320020,2021,42
320030,2021,11
320035,2021,16
320040,2021,47
320050,2021,9
320060,2021,182
320070,2021,18
320080,2021,46
320090,2021,97
320100,2021,26
320110,2021,9
320115,2021,33
320120,2021,323
320130,2021,687
320140,2021,38
320150,2021,168
320160,2021,65
320170,2021,25
320180,2021,7
320190,2021,43
320200,2021,13
320210,2021,50
320220,2021,49
320225,2021,20
320230,2021,81
320240,2021,233
320245,2021,44
320250,2021,17
320255,2021,27
320260,2021,5
320265,2021,19
320270,2021,16
320280,2021,87
320290,2021,9
320300,2021,66
320305,2021,90
320310,2021,22
320313,2021,21
320316,2021,12
320320,2021,392
320330,2021,25
320332,2021,73
320334,2021,26
320335,2021,16
320340,2021,51
320350,2021,41
320360,2021,9
320370,2021,20
320380,2021,25
320390,2021,86
320400,2021,33
320405,2021,72
320410,2021,78
320420,2021,37
320425,2021,14
320430,2021,35
320435,2021,35
320440,2021,13
320450,2021,12
320455,2021,81
320460,2021,30
320465,2021,20
320470,2021,46
320480,2021,23
320490,2021,249
320495,2021,11
320500,2021,815
320501,2021,83
320503,2021,28
320506,2021,36
320510,2021,128
320515,2021,6
320517,2021,44
320520,2021,557
320530,2021,359
330010,2021,278
330015,2021,15
330020,2021,234
330022,2021,16
330023,2021,69
330025,2021,62
330030,2021,156
330040,2021,196
330045,2021,928
330050,2021,28
330060,2021,71
330070,2021,327
330080,2021,87
330090,2021,15
330093,2021,26
330095,2021,12
330100,2021,997
330110,2021,36
330115,2021,25
330120,2021,24
330130,2021,74
330140,2021,47
330150,2021,32
330160,2021,8
330170,2021,1606
330180,2021,13
330185,2021,103
330187,2021,42
330190,2021,357
330200,2021,228
330205,2021,24
330210,2021,27
330220,2021,122
330225,2021,43
330227,2021,224
330230,2021,17
330240,2021,371
330245,2021,11
330250,2021,503
330260,2021,76
330270,2021,277
330280,2021,14
330285,2021,276
330290,2021,40
330300,2021,42
330310,2021,30
330320,2021,153
330330,2021,488
330340,2021,195
330350,2021,1439
330360,2021,56
330370,2021,63
330380,2021,83
330385,2021,52
330390,2021,318
330395,2021,36
330400,2021,27
330410,2021,22
330411,2021,31
330412,2021,26
330414,2021,270
330415,2021,56
330420,2021,164
330430,2021,73
330440,2021,31
330450,2021,23
330452,2021,197
330455,2021,7494
330460,2021,10
330470,2021,65
330475,2021,116
330480,2021,53
330490,2021,1284
330500,2021,75
330510,2021,713
330513,2021,16
330515,2021,36
330520,2021,210
330530,2021,17
330540,2021,22
330550,2021,162
330555,2021,141
330560,2021,28
330570,2021,40
330575,2021,61
330580,2021,234
330590,2021,16
330600,2021,127
330610,2021,97
330615,2021,21
330620,2021,76
330630,2021,266
350010,2021,28
350020,2021,6
350030,2021,47
350040,2021,10
350050,2021,14
350055,2021,8
350060,2021,2
350070,2021,58
350075,2021,9
350080,2021,4
350090,2021,3
350100,2021,27
350110,2021,3
350115,2021,16
350120,2021,3
350130,2021,32
350140,2021,6
350150,2021,3
350160,2021,135
350170,2021,42
350180,2021,2
350190,2021,64
350200,2021,5
350210,2021,57
350220,2021,34
350230,2021,13
350240,2021,3
350250,2021,34
350260,2021,4
350270,2021,35
350275,2021,37
350280,2021,189
350290,2021,44
350300,2021,4
350310,2021,8
350315,2021,3
350320,2021,200
350330,2021,105
350335,2021,1
350340,2021,7
350350,2021,6
350360,2021,12
350370,2021,5
350380,2021,68
350390,2021,120
350395,2021,1
350400,2021,94
350410,2021,197
350420,2021,14
350430,2021,7
350440,2021,15
350450,2021,135
350460,2021,22
350470,2021,4
350480,2021,9
350490,2021,16
350500,2021,6
350510,2021,8
350520,2021,40
350530,2021,29
350535,2021,15
350540,2021,17
350550,2021,119
350560,2021,52
350570,2021,430
350580,2021,42
350590,2021,67
350600,2021,421
350610,2021,71
350630,2021,15
350635,2021,145
350640,2021,2
350650,2021,110
350660,2021,38
350670,2021,22
350680,2021,15
350690,2021,17
350700,2021,82
350710,2021,25
350715,2021,14
350730,2021,8
350740,2021,13
350745,2021,3
350750,2021,166
350760,2021,178
350770,2021,12
350775,2021,5
350780,2021,35
350790,2021,36
350800,2021,48
350810,2021,14
350820,2021,6
350830,2021,10
350840,2021,72
350850,2021,102
350860,2021,43
350870,2021,21
350880,2021,22
350890,2021,3
350900,2021,129
350910,2021,5
350920,2021,113
350925,2021,73
350930,2021,9
350940,2021,31
350945,2021,12
350950,2021,985
350960,2021,86
350970,2021,60
350980,2021,8
350990,2021,21
350995,2021,13
351000,2021,34
351010,2021,1
351015,2021,17
351020,2021,68
351030,2021,47
351040,2021,72
351050,2021,175
351060,2021,585
351070,2021,12
351080,2021,30
351090,2021,5
351100,2021,31
351110,2021,88
351120,2021,10
351130,2021,13
351140,2021,35
351150,2021,29
351160,2021,24
351170,2021,24
351190,2021,13
351200,2021,30
351210,2021,14
351220,2021,69
351230,2021,17
351240,2021,22
351250,2021,1
351260,2021,3
351270,2021,4
351280,2021,69
351290,2021,12
351300,2021,347
351310,2021,29
351320,2021,11
351330,2021,2
351340,2021,105
351350,2021,171
351360,2021,30
351370,2021,37
351380,2021,429
351390,2021,17
351400,2021,12
351410,2021,36
351420,2021,6
351430,2021,8
351440,2021,39
351450,2021,19
351460,2021,14
351470,2021,11
351480,2021,31
351490,2021,15
351492,2021,2
351495,2021,3
351500,2021,385
351510,2021,93
351515,2021,31
351518,2021,50
351519,2021,6
351520,2021,8
351530,2021,2
351535,2021,10
351540,2021,18
351550,2021,73
351560,2021,9
351565,2021,4
351570,2021,246
351580,2021,1
351590,2021,1
351600,2021,8
351610,2021,2
351620,2021,368
351630,2021,349
351640,2021,248
351650,2021,3
351660,2021,5
351670,2021,55
351680,2021,6
351685,2021,12
351690,2021,13
351700,2021,16
351710,2021,4
351720,2021,12
351730,2021,6
351740,2021,52
351750,2021,28
351760,2021,29
351770,2021,30
351780,2021,9
351790,2021,21
351810,2021,7
351820,2021,32
351830,2021,49
351840,2021,124
351850,2021,16
351860,2021,44
351870,2021,470
351880,2021,1789
351885,2021,10
351890,2021,7
351900,2021,12
351905,2021,16
351907,2021,207
351910,2021,12
351920,2021,5
351925,2021,11
351930,2021,57
351940,2021,15
351950,2021,8
351960,2021,80
351970,2021,136
351980,2021,11
351990,2021,12
352000,2021,28
352010,2021,39
352020,2021,21
352030,2021,53
352040,2021,51
352042,2021,18
352044,2021,22
352050,2021,196
352060,2021,4
352070,2021,7
352080,2021,5
352090,2021,11
352100,2021,49
352110,2021,8
352115,2021,7
352120,2021,6
352130,2021,28
352140,2021,20
352150,2021,10
352160,2021,6
352170,2021,23
352180,2021,37
352190,2021,30
352200,2021,8
352210,2021,160
352215,2021,8
352220,2021,256
352230,2021,236
352240,2021,178
352250,2021,484
352260,2021,59
352265,2021,13
352270,2021,31
352280,2021,18
352290,2021,31
352300,2021,3
352310,2021,567
352320,2021,71
352330,2021,23
352340,2021,110
352350,2021,38
352360,2021,17
352370,2021,15
352380,2021,7
352390,2021,227
352400,2021,69
352410,2021,46
352420,2021,7
352430,2021,58
352440,2021,223
352450,2021,13
352460,2021,30
352470,2021,50
352480,2021,47
352490,2021,6
352500,2021,117
352510,2021,68
352520,2021,46
352530,2021,131
352540,2021,4
352550,2021,16
352560,2021,11
352570,2021,44
352580,2021,7
352585,2021,3
352590,2021,378
352600,2021,19
352610,2021,39
352620,2021,43
352630,2021,1
352640,2021,43
352650,2021,2
352660,2021,17
352670,2021,135
352680,2021,100
352690,2021,264
352700,2021,6
352710,2021,69
352720,2021,125
352725,2021,2
352730,2021,60
352740,2021,21
352750,2021,2
352760,2021,14
352770,2021,15
352780,2021,4
352790,2021,4
352800,2021,26
352810,2021,11
352820,2021,3
352830,2021,2
352840,2021,55
352850,2021,97
352860,2021,13
352870,2021,3
352880,2021,12
352885,2021,2
352890,2021,4
352900,2021,251
352920,2021,35
352930,2021,78
352940,2021,390
352950,2021,8
352960,2021,7
352965,2021,5
352970,2021,29
352980,2021,14
352990,2021,45
353000,2021,2
353010,2021,19
353020,2021,19
353030,2021,57
353040,2021,4
353050,2021,76
353060,2021,546
353070,2021,151
353080,2021,68
353090,2021,4
353100,2021,1
353110,2021,100
353120,2021,5
353130,2021,48
353140,2021,22
353150,2021,18
353160,2021,8
353170,2021,4
353180,2021,79
353190,2021,35
353200,2021,21
353205,2021,4
353210,2021,1
353215,2021,5
353220,2021,12
353230,2021,9
353240,2021,26
353250,2021,8
353260,2021,11
353270,2021,8
353280,2021,12
353282,2021,17
353284,2021,3
353290,2021,12
353300,2021,27
353310,2021,5
353320,2021,7
353325,2021,10
353330,2021,3
353340,2021,47
353350,2021,46
353360,2021,6
353370,2021,5
353380,2021,1
353390,2021,66
353400,2021,8
353410,2021,7
353420,2021,7
353430,2021,36
353440,2021,717
353450,2021,1
353460,2021,25
353470,2021,122
353475,2021,10
353480,2021,15
353490,2021,12
353500,2021,15
353510,2021,14
353520,2021,8
353530,2021,25
353540,2021,29
353550,2021,57
353560,2021,31
353570,2021,7
353580,2021,35
353590,2021,18
353600,2021,10
353610,2021,18
353620,2021,37
353625,2021,8
353630,2021,47
353640,2021,22
353650,2021,75
353657,2021,3
353660,2021,10
353670,2021,54
353680,2021,9
353690,2021,2
353700,2021,23
353710,2021,32
353720,2021,17
353730,2021,70
353740,2021,35
353750,2021,9
353760,2021,123
353770,2021,6
353780,2021,68
353790,2021,55
353800,2021,249
353810,2021,15
353820,2021,16
353830,2021,4
353850,2021,15
353860,2021,26
353870,2021,396
353880,2021,39
353890,2021,18
353900,2021,8
353910,2021,30
353920,2021,25
353930,2021,74
353940,2021,14
353950,2021,54
353960,2021,12
353970,2021,5
353980,2021,117
353990,2021,8
354000,2021,16
354010,2021,4
354020,2021,63
354025,2021,12
354030,2021,5
354040,2021,7
354050,2021,9
354060,2021,67
354070,2021,69
354075,2021,42
354080,2021,28
354085,2021,5
354090,2021,24
354100,2021,423
354105,2021,17
354110,2021,4
354120,2021,11
354130,2021,51
354140,2021,176
354150,2021,22
354160,2021,43
354165,2021,7
354170,2021,17
354180,2021,12
354190,2021,23
354200,2021,13
354210,2021,7
354220,2021,40
354230,2021,6
354240,2021,21
354250,2021,14
354260,2021,105
354270,2021,12
354280,2021,4
354290,2021,19
354300,2021,38
354310,2021,4
354320,2021,7
354323,2021,1
354325,2021,9
354330,2021,80
354340,2021,582
354350,2021,10
354360,2021,5
354370,2021,15
354380,2021,12
354390,2021,210
354400,2021,51
354410,2021,48
354420,2021,15
354425,2021,30
354430,2021,11
354450,2021,3
354460,2021,7
354470,2021,6
354480,2021,3
354490,2021,11
354500,2021,31
354510,2021,8
354515,2021,3
354520,2021,110
354530,2021,55
354540,2021,23
354550,2021,6
354560,2021,23
354570,2021,10
354580,2021,157
354600,2021,22
354610,2021,2
354620,2021,1
354625,2021,3
354630,2021,37
354640,2021,49
354650,2021,7
354660,2021,49
354670,2021,30
354680,2021,88
354690,2021,4
354700,2021,15
354710,2021,4
354730,2021,187
354740,2021,5
354750,2021,35
354760,2021,16
354770,2021,19
354780,2021,539
354790,2021,12
354800,2021,34
354805,2021,13
354810,2021,11
354820,2021,10
354830,2021,7
354840,2021,5
354850,2021,295
354860,2021,14
354870,2021,573
354880,2021,49
354890,2021,216
354900,2021,4
354910,2021,77
354920,2021,4
354930,2021,3
354940,2021,43
354950,2021,13
354960,2021,6
354970,2021,48
354980,2021,411
354990,2021,687
354995,2021,24
355000,2021,14
355010,2021,47
355020,2021,42
355030,2021,11626
355040,2021,44
355050,2021,9
355060,2021,90
355070,2021,125
355080,2021,12
355090,2021,7
355100,2021,462
355110,2021,18
355120,2021,6
355140,2021,10
355150,2021,54
355160,2021,45
355170,2021,143
355180,2021,33
355190,2021,29
355200,2021,10
355210,2021,38
355220,2021,725
355230,2021,15
355240,2021,320
355250,2021,377
355255,2021,4
355260,2021,13
355270,2021,24
355280,2021,304
355290,2021,9
355300,2021,17
355310,2021,11
355320,2021,6
355330,2021,28
355340,2021,34
355350,2021,20
355360,2021,12
355365,2021,2
355370,2021,77
355380,2021,35
355385,2021,14
355390,2021,8
355395,2021,20
355400,2021,169
355410,2021,308
355420,2021,9
355430,2021,39
355440,2021,5
355450,2021,39
355460,2021,1
355465,2021,6
355470,2021,6
355480,2021,38
355490,2021,7
355495,2021,7
355500,2021,63
355510,2021,12
355520,2021,2
355535,2021,10
355540,2021,150
355550,2021,13
355560,2021,9
355570,2021,3
355580,2021,7
355590,2021,1
355600,2021,23
355610,2021,21
355620,2021,59
355630,2021,25
355635,2021,12
355640,2021,48
355645,2021,67
355650,2021,126
355660,2021,17
355670,2021,59
355680,2021,17
355690,2021,8
355695,2021,4
355700,2021,154
355710,2021,92
355715,2021,2
355720,2021,21
355730,2021,12
410010,2021,4
410020,2021,13
410030,2021,28
410040,2021,187
410045,2021,11
410050,2021,18
410060,2021,25
410070,2021,23
410080,2021,9
410090,2021,15
410100,2021,34
410105,2021,3
410110,2021,30
410115,2021,4
410120,2021,44
410130,2021,6
410140,2021,161
410150,2021,113
410160,2021,63
410165,2021,9
410170,2021,20
410180,2021,218
410185,2021,2
410190,2021,10
410200,2021,57
410210,2021,21
410220,2021,8
410230,2021,14
410240,2021,54
410250,2021,15
410260,2021,17
410270,2021,2
410275,2021,3
410280,2021,20
410290,2021,59
410300,2021,8
410302,2021,2
410304,2021,8
410305,2021,21
410310,2021,24
410315,2021,4
410320,2021,23
410322,2021,6
410330,2021,8
410335,2021,7
410337,2021,12
410340,2021,4
410345,2021,29
410347,2021,12
410350,2021,6
410360,2021,35
410370,2021,112
410380,2021,16
410390,2021,25
410395,2021,13
410400,2021,69
410405,2021,6
410410,2021,18
410420,2021,165
410425,2021,35
410430,2021,141
410440,2021,37
410442,2021,52
410445,2021,26
410450,2021,28
410460,2021,19
410465,2021,44
410470,2021,41
410480,2021,437
410490,2021,165
410500,2021,16
410510,2021,13
410520,2021,36
410530,2021,10
410540,2021,45
410550,2021,73
410560,2021,17
410570,2021,51
410580,2021,344
410590,2021,23
410600,2021,20
410610,2021,3
410620,2021,30
410630,2021,18
410640,2021,40
410645,2021,29
410650,2021,36
410655,2021,4
410657,2021,8
410660,2021,33
410670,2021,8
410680,2021,33
410685,2021,5
410690,2021,1235
410700,2021,27
410710,2021,5
410712,2021,10
410715,2021,7
410720,2021,49
410725,2021,10
410730,2021,13
410740,2021,8
410750,2021,18
410752,2021,2
410753,2021,6
410754,2021,16
410755,2021,6
410760,2021,45
410765,2021,199
410770,2021,10
410773,2021,11
410775,2021,16
410780,2021,4
410785,2021,14
410790,2021,10
410800,2021,20
410810,2021,2
410820,2021,7
410830,2021,421
410832,2021,14
410840,2021,114
410845,2021,18
410850,2021,35
410855,2021,7
410860,2021,39
410865,2021,12
410870,2021,7
410880,2021,62
410890,2021,18
410895,2021,10
410900,2021,10
410910,2021,5
410920,2021,4
410930,2021,29
410940,2021,433
410950,2021,11
410960,2021,83
410965,2021,10
410970,2021,51
410975,2021,20
410980,2021,61
410990,2021,6
411000,2021,9
411005,2021,1
411007,2021,37
411010,2021,86
411020,2021,35
411030,2021,1
411040,2021,4
411050,2021,26
411060,2021,25
411070,2021,66
411080,2021,16
411090,2021,12
411095,2021,22
411100,2021,9
411110,2021,5
411120,2021,18
411125,2021,86
411130,2021,7
411140,2021,37
411150,2021,53
411155,2021,13
411160,2021,2
411170,2021,10
411180,2021,82
411190,2021,21
411200,2021,76
411210,2021,29
411220,2021,15
411230,2021,14
411240,2021,6
411250,2021,15
411270,2021,26
411275,2021,18
411280,2021,22
411290,2021,5
411295,2021,14
411300,2021,10
411310,2021,8
411320,2021,66
411325,2021,20
411330,2021,52
411340,2021,4
411342,2021,5
411345,2021,12
411350,2021,40
411360,2021,6
411370,2021,500
411373,2021,16
411375,2021,7
411380,2021,7
411390,2021,22
411400,2021,17
411410,2021,38
411420,2021,40
411430,2021,49
411435,2021,2
411440,2021,64
411450,2021,26
411460,2021,61
411470,2021,5
411480,2021,46
411490,2021,15
411500,2021,4
411510,2021,19
411520,2021,212
411530,2021,11
411535,2021,7
411540,2021,23
411545,2021,13
411550,2021,14
411560,2021,27
411570,2021,81
411573,2021,9
411575,2021,32
411580,2021,93
411585,2021,4
411590,2021,10
411600,2021,2
411605,2021,14
411610,2021,16
411620,2021,28
411630,2021,2
411640,2021,3
411650,2021,5
411660,2021,6
411670,2021,15
411680,2021,15
411690,2021,22
411695,2021,11
411700,2021,9
411705,2021,26
411710,2021,12
411720,2021,7
411721,2021,12
411722,2021,8
411725,2021,12
411727,2021,21
411729,2021,4
411730,2021,67
411740,2021,3
411745,2021,13
411750,2021,77
411760,2021,200
411770,2021,52
411780,2021,35
411790,2021,40
411800,2021,22
411810,2021,19
411820,2021,319
411830,2021,4
411840,2021,109
411845,2021,18
411850,2021,108
411860,2021,12
411870,2021,5
411880,2021,15
411885,2021,15
411890,2021,16
411900,2021,9
411910,2021,20
411915,2021,132
411920,2021,24
411925,2021,5
411930,2021,106
411940,2021,48
411950,2021,182
411960,2021,55
411965,2021,2
411970,2021,5
411980,2021,11
411990,2021,545
411995,2021,32
412000,2021,10
412010,2021,7
412015,2021,5
412020,2021,2
412030,2021,3
412033,2021,8
412035,2021,10
412040,2021,10
412050,2021,9
412060,2021,91
412065,2021,5
412070,2021,11
412080,2021,25
412085,2021,1
412090,2021,81
412100,2021,23
412110,2021,8
412120,2021,27
412125,2021,5
412130,2021,2
412140,2021,28
412150,2021,29
412160,2021,23
412170,2021,99
412175,2021,27
412180,2021,11
412190,2021,22
412200,2021,31
412210,2021,4
412215,2021,37
412217,2021,6
412220,2021,102
412230,2021,41
412240,2021,92
412250,2021,19
412260,2021,11
412265,2021,10
412270,2021,21
412280,2021,6
412290,2021,11
412300,2021,31
412310,2021,6
412320,2021,8
412330,2021,13
412340,2021,13
412350,2021,35
412360,2021,5
412370,2021,4
412380,2021,27
412382,2021,9
412385,2021,24
412390,2021,19
412395,2021,5
412400,2021,5
412402,2021,21
412405,2021,33
412410,2021,92
412420,2021,2
412430,2021,2
412440,2021,32
412450,2021,16
412460,2021,13
412470,2021,39
412480,2021,10
412490,2021,15
412500,2021,24
412510,2021,25
412520,2021,13
412530,2021,2
412535,2021,9
412540,2021,5
412545,2021,4
412550,2021,405
412555,2021,3
412560,2021,73
412570,2021,46
412575,2021,10
412580,2021,14
412590,2021,7
412600,2021,8
412610,2021,8
412620,2021,17
412625,2021,168
412627,2021,14
412630,2021,45
412635,2021,1
412640,2021,3
412650,2021,16
412660,2021,33
412665,2021,8
412667,2021,24
412670,2021,7
412680,2021,27
412690,2021,8
412700,2021,14
412710,2021,160
412720,2021,35
412730,2021,24
412740,2021,35
412750,2021,74
412760,2021,32
412770,2021,150
412780,2021,6
412785,2021,16
412788,2021,18
412790,2021,20
412795,2021,7
412796,2021,35
412800,2021,20
412810,2021,125
412820,2021,101
412840,2021,12
412850,2021,40
412853,2021,17
412855,2021,13
412860,2021,7
412862,2021,8
412863,2021,21
412865,2021,5
412870,2021,9
412880,2021,9
420005,2021,1
420010,2021,51
420020,2021,6
420030,2021,4
420040,2021,8
420050,2021,15
420055,2021,3
420060,2021,2
420070,2021,14
420075,2021,1
420080,2021,8
420090,2021,6
420100,2021,21
420110,2021,1
420120,2021,9
420125,2021,11
420127,2021,3
420130,2021,83
420140,2021,96
420150,2021,12
420160,2021,5
420165,2021,4
420170,2021,14
420180,2021,2
420190,2021,7
420195,2021,15
420200,2021,113
420205,2021,28
420207,2021,14
420208,2021,2
420210,2021,48
420213,2021,8
420215,2021,6
420220,2021,10
420230,2021,78
420240,2021,273
420243,2021,7
420245,2021,29
420250,2021,7
420253,2021,4
420257,2021,1
420260,2021,31
420270,2021,8
420280,2021,55
420285,2021,5
420287,2021,8
420290,2021,158
420300,2021,141
420310,2021,12
420315,2021,14
420320,2021,160
420325,2021,4
420330,2021,15
420340,2021,12
420350,2021,28
420360,2021,89
420370,2021,23
420380,2021,97
420390,2021,33
420395,2021,16
420400,2021,26
420410,2021,13
420415,2021,4
420417,2021,9
420419,2021,5
420420,2021,296
420425,2021,14
420430,2021,67
420440,2021,13
420445,2021,4
420450,2021,8
420455,2021,42
420460,2021,220
420470,2021,7
420475,2021,1
420480,2021,86
420490,2021,6
420500,2021,33
420510,2021,4
420515,2021,2
420517,2021,13
420519,2021,2
420520,2021,4
420530,2021,20
420535,2021,2
420540,2021,335
420543,2021,1
420545,2021,33
420550,2021,77
420555,2021,6
420560,2021,4
420570,2021,23
420580,2021,39
420590,2021,80
420600,2021,8
420610,2021,7
420620,2021,6
420630,2021,20
420640,2021,9
420650,2021,64
420660,2021,3
420665,2021,12
420670,2021,32
420680,2021,4
420690,2021,28
420700,2021,46
420710,2021,31
420720,2021,11
420730,2021,39
420740,2021,11
420750,2021,68
420757,2021,3
420760,2021,2
420765,2021,4
420768,2021,41
420770,2021,7
420775,2021,4
420780,2021,14
420785,2021,1
420790,2021,20
420800,2021,9
420810,2021,43
420820,2021,291
420830,2021,120
420840,2021,20
420845,2021,39
420850,2021,40
420860,2021,2
420870,2021,14
420880,2021,24
420890,2021,128
420895,2021,2
420900,2021,43
420910,2021,551
420915,2021,18
420917,2021,8
420920,2021,1
420930,2021,260
420940,2021,37
420945,2021,3
420950,2021,5
420960,2021,19
420970,2021,33
420980,2021,7
420985,2021,9
420990,2021,9
421000,2021,22
421003,2021,4
421005,2021,4
421010,2021,84
421020,2021,3
421030,2021,17
421040,2021,16
421050,2021,30
421055,2021,1
421060,2021,14
421070,2021,5
421080,2021,2
421085,2021,3
421090,2021,5
421100,2021,6
421105,2021,18
421110,2021,13
421120,2021,35
421125,2021,5
421130,2021,142
421140,2021,11
421145,2021,4
421150,2021,16
421160,2021,10
421165,2021,2
421170,2021,23
421175,2021,27
421180,2021,5
421185,2021,4
421187,2021,1
421189,2021,5
421190,2021,248
421200,2021,21
421205,2021,5
421210,2021,9
421220,2021,36
421223,2021,7
421225,2021,6
421227,2021,13
421230,2021,5
421250,2021,39
421260,2021,2
421265,2021,7
421270,2021,6
421280,2021,29
421290,2021,33
421300,2021,2
421310,2021,9
421315,2021,5
421320,2021,18
421330,2021,15
421335,2021,15
421340,2021,32
421350,2021,25
421360,2021,52
421370,2021,20
421380,2021,11
421390,2021,1
421400,2021,21
421410,2021,2
421415,2021,4
421420,2021,20
421430,2021,1
421440,2021,14
421450,2021,17
421460,2021,5
421470,2021,9
421480,2021,76
421490,2021,4
421500,2021,59
421505,2021,4
421507,2021,4
421510,2021,14
421520,2021,4
421530,2021,8
421535,2021,7
421540,2021,6
421545,2021,25
421550,2021,57
421555,2021,3
421560,2021,4
421565,2021,10
421567,2021,8
421568,2021,7
421569,2021,2
421570,2021,18
421575,2021,4
421580,2021,105
421590,2021,3
421600,2021,9
421605,2021,8
421610,2021,16
421620,2021,65
421625,2021,2
421630,2021,52
421635,2021,8
421640,2021,12
421650,2021,63
421660,2021,233
421670,2021,15
421680,2021,10
421690,2021,34
421700,2021,15
421710,2021,4
421715,2021,2
421720,2021,48
421725,2021,2
421730,2021,10
421740,2021,19
421750,2021,25
421755,2021,4
421760,2021,11
421770,2021,36
421775,2021,4
421780,2021,28
421790,2021,5
421795,2021,2
421800,2021,71
421810,2021,7
421820,2021,34
421825,2021,24
421830,2021,78
421835,2021,4
421840,2021,10
421850,2021,11
421860,2021,12
421870,2021,85
421875,2021,2
421880,2021,16
421885,2021,5
421890,2021,18
421895,2021,6
421900,2021,9
421910,2021,9
421915,2021,9
421917,2021,6
421920,2021,3
421930,2021,69
421935,2021,9
421940,2021,5
421950,2021,57
421960,2021,2
421970,2021,43
421985,2021,6
422000,2021,35
430003,2021,5
430005,2021,6
430010,2021,14
430020,2021,6
430030,2021,5
430040,2021,88
430045,2021,2
430047,2021,2
430050,2021,6
430055,2021,1
430057,2021,2
430060,2021,307
430063,2021,13
430064,2021,11
430070,2021,4
430080,2021,10
430085,2021,6
430087,2021,13
430090,2021,5
430100,2021,21
430105,2021,11
430107,2021,1
430110,2021,22
430120,2021,15
430130,2021,19
430140,2021,11
430150,2021,1
430155,2021,2
430160,2021,171
430163,2021,12
430165,2021,1
430170,2021,11
430175,2021,4
430180,2021,5
430185,2021,4
430187,2021,5
430190,2021,27
430195,2021,1
430200,2021,13
430205,2021,5
430210,2021,100
430215,2021,1
430220,2021,3
430222,2021,2
430223,2021,2
430225,2021,1
430230,2021,34
430235,2021,5
430237,2021,2
430240,2021,10
430245,2021,12
430250,2021,5
430258,2021,3
430260,2021,7
430265,2021,6
430270,2021,29
430280,2021,38
430290,2021,13
430300,2021,106
430310,2021,113
430320,2021,6
430330,2021,3
430340,2021,5
430350,2021,78
430355,2021,3
430360,2021,15
430367,2021,4
430370,2021,3
430380,2021,1
430390,2021,41
430400,2021,9
430410,2021,8
430420,2021,39
430430,2021,3
430435,2021,21
430440,2021,78
430450,2021,56
430460,2021,368
430462,2021,1
430463,2021,109
430465,2021,3
430466,2021,34
430467,2021,3
430468,2021,13
430469,2021,2
430470,2021,92
430471,2021,6
430480,2021,22
430485,2021,2
430490,2021,6
430495,2021,4
430500,2021,11
430510,2021,381
430511,2021,1
430512,2021,3
430515,2021,5
430517,2021,19
430520,2021,11
430530,2021,3
430535,2021,33
430537,2021,6
430540,2021,3
430543,2021,3
430544,2021,3
430545,2021,18
430550,2021,3
430560,2021,2
430570,2021,10
430580,2021,10
430585,2021,3
430587,2021,1
430590,2021,11
430593,2021,2
430595,2021,3
430597,2021,3
430600,2021,10
430605,2021,10
430607,2021,4
430610,2021,93
430613,2021,1
430620,2021,7
430630,2021,1
430632,2021,4
430635,2021,5
430637,2021,5
430640,2021,18
430642,2021,5
430645,2021,1
430650,2021,20
430655,2021,2
430660,2021,57
430670,2021,2
430673,2021,4
430676,2021,66
430680,2021,21
430690,2021,46
430692,2021,2
430693,2021,8
430695,2021,4
430697,2021,4
430700,2021,114
430705,2021,1
430710,2021,11
430720,2021,10
430730,2021,14
430740,2021,7
430745,2021,5
430750,2021,20
430755,2021,4
430760,2021,32
430770,2021,58
430780,2021,34
430781,2021,1
430783,2021,6
430786,2021,1
430790,2021,52
430800,2021,3
430805,2021,4
430807,2021,8
430810,2021,4
430820,2021,24
430830,2021,18
430840,2021,11
430845,2021,5
430850,2021,52
430860,2021,17
430865,2021,2
430870,2021,5
430880,2021,6
430885,2021,1
430890,2021,20
430900,2021,20
430905,2021,4
430910,2021,24
430912,2021,4
430915,2021,9
430920,2021,280
430925,2021,2
430930,2021,97
430940,2021,19
430950,2021,6
430955,2021,4
430957,2021,4
430960,2021,15
430965,2021,8
430970,2021,3
430975,2021,6
430980,2021,1
430990,2021,8
430995,2021,4
431000,2021,16
431010,2021,52
431020,2021,91
431030,2021,3
431033,2021,31
431040,2021,6
431041,2021,4
431043,2021,2
431050,2021,14
431053,2021,2
431055,2021,1
431057,2021,3
431060,2021,63
431065,2021,2
431070,2021,3
431080,2021,11
431085,2021,5
431087,2021,4
431090,2021,2
431100,2021,32
431110,2021,3
431112,2021,10
431113,2021,4
431115,2021,6
431120,2021,24
431123,2021,2
431125,2021,13
431127,2021,1
431130,2021,46
431140,2021,65
431142,2021,3
431150,2021,7
431160,2021,6
431162,2021,9
431170,2021,5
431171,2021,10
431173,2021,6
431175,2021,9
431177,2021,10
431179,2021,4
431180,2021,37
431190,2021,4
431198,2021,7
431205,2021,6
431210,2021,1
431213,2021,6
431215,2021,6
431217,2021,2
431220,2021,4
431225,2021,5
431230,2021,2
431237,2021,6
431240,2021,86
431242,2021,3
431244,2021,1
431245,2021,1
431247,2021,4
431250,2021,40
431260,2021,1
431261,2021,3
431262,2021,2
431265,2021,13
431267,2021,2
431270,2021,27
431275,2021,2
431280,2021,4
431290,2021,6
431300,2021,2
431301,2021,5
431303,2021,2
431306,2021,24
431308,2021,2
431310,2021,3
431320,2021,18
431330,2021,16
431333,2021,2
431337,2021,37
431339,2021,4
431340,2021,235
431342,2021,2
431344,2021,3
431346,2021,1
431349,2021,2
431350,2021,56
431360,2021,4
431365,2021,18
431370,2021,67
431380,2021,10
431390,2021,36
431395,2021,18
431400,2021,2
431402,2021,7
431403,2021,7
431405,2021,87
431406,2021,3
431407,2021,5
431410,2021,267
431415,2021,14
431417,2021,3
431420,2021,8
431430,2021,2
431440,2021,330
431442,2021,2
431445,2021,5
431446,2021,3
431447,2021,2
431449,2021,5
431450,2021,11
431454,2021,1
431455,2021,2
431460,2021,26
431470,2021,14
431477,2021,3
431480,2021,39
431490,2021,1126
431500,2021,4
431505,2021,2
431507,2021,2
431510,2021,10
431513,2021,2
431514,2021,2
431515,2021,4
431520,2021,3
431530,2021,34
431531,2021,3
431532,2021,4
431535,2021,8
431540,2021,54
431545,2021,1
431550,2021,9
431555,2021,2
431560,2021,250
431570,2021,48
431575,2021,2
431580,2021,9
431590,2021,5
431595,2021,1
431600,2021,19
431610,2021,13
431620,2021,1
431630,2021,4
431640,2021,82
431642,2021,4
431643,2021,3
431645,2021,22
431647,2021,2
431650,2021,6
431660,2021,13
431670,2021,6
431673,2021,5
431675,2021,4
431680,2021,76
431690,2021,296
431700,2021,9
431710,2021,134
431720,2021,67
431730,2021,34
431740,2021,44
431750,2021,100
431760,2021,33
431770,2021,14
431780,2021,16
431790,2021,9
431800,2021,78
431805,2021,3
431810,2021,21
431820,2021,41
431830,2021,98
431840,2021,30
431842,2021,2
431843,2021,1
431845,2021,3
431846,2021,5
431848,2021,3
431850,2021,35
431860,2021,3
431861,2021,2
431862,2021,13
431870,2021,293
431880,2021,28
431890,2021,60
431900,2021,14
431910,2021,2
431912,2021,1
431915,2021,11
431920,2021,16
431930,2021,3
431935,2021,1
431936,2021,5
431937,2021,2
431940,2021,14
431950,2021,27
431960,2021,28
431970,2021,1
431971,2021,1
431973,2021,7
431975,2021,1
431980,2021,8
431990,2021,92
432000,2021,139
432010,2021,20
432020,2021,23
432023,2021,2
432026,2021,7
432030,2021,5
432032,2021,1
432035,2021,6
432040,2021,18
432045,2021,2
432050,2021,4
432055,2021,4
432057,2021,1
432060,2021,1
432065,2021,1
432067,2021,3
432070,2021,23
432080,2021,54
432085,2021,9
432090,2021,30
432100,2021,16
432110,2021,22
432120,2021,73
432130,2021,30
432132,2021,4
432135,2021,8
432140,2021,39
432143,2021,15
432145,2021,41
432146,2021,1
432147,2021,8
432149,2021,1
432150,2021,52
432160,2021,91
432166,2021,10
432170,2021,33
432180,2021,23
432183,2021,5
432185,2021,10
432190,2021,17
432195,2021,10
432200,2021,38
432210,2021,1
432215,2021,4
432220,2021,33
432225,2021,2
432230,2021,4
432232,2021,2
432240,2021,207
432250,2021,118
432252,2021,1
432253,2021,5
432254,2021,2
432255,2021,1
432260,2021,62
432270,2021,20
432280,2021,13
432285,2021,1
432290,2021,3
432300,2021,258
432310,2021,8
432320,2021,1
432330,2021,3
432335,2021,1
432340,2021,4
432345,2021,3
432350,2021,2
432360,2021,1
432370,2021,3
432375,2021,2
432380,2021,24
500020,2021,46
500025,2021,8
500060,2021,130
500070,2021,67
500080,2021,22
500085,2021,26
500090,2021,35
500100,2021,48
500110,2021,142
500124,2021,50
500150,2021,17
500190,2021,57
500200,2021,21
500210,2021,71
500215,2021,20
500220,2021,80
500230,2021,18
500240,2021,83
500260,2021,32
500270,2021,1449
500280,2021,18
500290,2021,44
500295,2021,59
500310,2021,4
500315,2021,88
500320,2021,302
500325,2021,73
500330,2021,82
500345,2021,30
500348,2021,24
500350,2021,8
500370,2021,555
500375,2021,43
500380,2021,40
500390,2021,8
500400,2021,15
500410,2021,30
500430,2021,43
500440,2021,23
500450,2021,35
500460,2021,45
500470,2021,55
500480,2021,63
500490,2021,9
500500,2021,86
500510,2021,11
500515,2021,21
500520,2021,72
500525,2021,21
500540,2021,111
500560,2021,107
500568,2021,49
500570,2021,122
500580,2021,24
500600,2021,68
500620,2021,72
500625,2021,10
500627,2021,17
500630,2021,65
500635,2021,80
500640,2021,14
500660,2021,307
500690,2021,55
500710,2021,65
500720,2021,95
500730,2021,10
500740,2021,56
500750,2021,6
500755,2021,11
500769,2021,75
500770,2021,25
500780,2021,13
500790,2021,146
500793,2021,34
500795,2021,47
500797,2021,11
500800,2021,35
500830,2021,232
500840,2021,14
510010,2021,7
510020,2021,76
510025,2021,114
510030,2021,34
510035,2021,30
510040,2021,24
510050,2021,17
510060,2021,28
510080,2021,29
510100,2021,6
510125,2021,31
510130,2021,36
510140,2021,82
510160,2021,14
510170,2021,79
510180,2021,185
510185,2021,37
510190,2021,43
510250,2021,281
510260,2021,168
510263,2021,135
510267,2021,129
510268,2021,28
510269,2021,18
510270,2021,89
510279,2021,28
510285,2021,20
510300,2021,37
510305,2021,22
510310,2021,9
510320,2021,63
510325,2021,112
510330,2021,85
510335,2021,149
510336,2021,8
510337,2021,27
510340,2021,1121
510343,2021,10
510345,2021,20
510350,2021,48
510360,2021,17
510370,2021,61
510380,2021,2
510385,2021,26
510390,2021,47
510395,2021,4
510410,2021,91
510420,2021,19
510450,2021,3
510452,2021,18
510454,2021,16
510455,2021,17
510460,2021,23
510480,2021,65
510490,2021,17
510500,2021,18
510510,2021,107
510515,2021,111
510517,2021,42
510520,2021,15
510523,2021,11
510525,2021,181
510530,2021,11
510550,2021,77
510558,2021,36
510560,2021,63
510562,2021,79
510590,2021,38
510600,2021,15
510610,2021,23
510615,2021,29
510617,2021,40
510618,2021,12
510619,2021,15
510620,2021,7
510621,2021,21
510622,2021,110
510623,2021,48
510624,2021,39
510625,2021,64
510626,2021,22
510627,2021,8
510628,2021,26
510629,2021,27
510630,2021,92
510631,2021,16
510637,2021,31
510642,2021,134
510645,2021,9
510650,2021,125
510665,2021,6
510670,2021,3
510675,2021,149
510677,2021,35
510680,2021,13
510682,2021,23
510685,2021,9
510700,2021,35
510704,2021,193
510706,2021,93
510710,2021,20
510715,2021,2
510718,2021,44
510719,2021,5
510720,2021,13
510724,2021,17
510726,2021,5
510729,2021,3
510730,2021,36
510735,2021,32
510740,2021,9
510757,2021,7
510760,2021,489
510770,2021,32
510774,2021,9
510775,2021,5
510776,2021,6
510777,2021,31
510779,2021,24
510780,2021,34
510785,2021,45
510787,2021,80
510788,2021,4
510790,2021,461
510792,2021,280
510794,2021,19
510795,2021,247
510800,2021,31
510805,2021,22
510810,2021,5
510820,2021,7
510830,2021,7
510835,2021,7
510840,2021,661
510850,2021,30
510860,2021,60
510880,2021,9
510885,2021,8
510890,2021,16
510895,2021,27
520005,2021,33
520010,2021,24
520013,2021,46
520015,2021,4
520017,2021,5
520020,2021,3
520025,2021,461
520030,2021,61
520050,2021,2
520055,2021,21
520060,2021,22
520080,2021,24
520082,2021,1
520085,2021,13
520090,2021,4
520110,2021,645
520120,2021,1
520130,2021,20
520140,2021,911
520145,2021,2
520150,2021,14
520160,2021,3
520170,2021,33
520180,2021,27
520215,2021,2
520235,2021,5
520250,2021,18
520260,2021,4
520280,2021,2
520310,2021,3
520320,2021,14
520330,2021,59
520340,2021,17
520350,2021,63
520355,2021,21
520357,2021,13
520360,2021,5
520380,2021,17
520390,2021,17
520393,2021,5
520396,2021,9
520400,2021,22
520410,2021,18
520420,2021,2
520425,2021,12
520430,2021,21
520440,2021,26
520450,2021,152
520455,2021,2
520460,2021,5
520465,2021,4
520470,2021,24
520480,2021,14
520485,2021,23
520490,2021,51
520495,2021,6
520500,2021,10
520505,2021,3
520510,2021,170
520520,2021,10
520530,2021,41
520540,2021,21
520545,2021,11
520547,2021,24
520549,2021,144
520551,2021,44
520552,2021,14
520570,2021,3
520580,2021,19
520590,2021,13
520620,2021,159
520630,2021,10
520640,2021,32
520650,2021,6
520660,2021,6
520670,2021,12
520680,2021,5
520690,2021,3
520710,2021,4
520725,2021,11
520735,2021,12
520740,2021,23
520750,2021,2
520753,2021,16
520760,2021,1
520780,2021,15
520790,2021,19
520800,2021,254
520810,2021,10
520815,2021,7
520830,2021,18
520840,2021,29
520850,2021,8
520860,2021,121
520870,2021,1630
520880,2021,133
520890,2021,23
520910,2021,55
520915,2021,10
520920,2021,32
520929,2021,3
520940,2021,5
520945,2021,1
520960,2021,5
520970,2021,44
520980,2021,1
520990,2021,43
520993,2021,13
520995,2021,31
521000,2021,77
521010,2021,60
521015,2021,2
521020,2021,51
521030,2021,7
521040,2021,82
521056,2021,6
521060,2021,7
521080,2021,8
521090,2021,44
521100,2021,11
521120,2021,47
521130,2021,14
521140,2021,12
521150,2021,157
521160,2021,1
521170,2021,7
521180,2021,67
521190,2021,173
521200,2021,7
521205,2021,2
521210,2021,11
521220,2021,38
521225,2021,2
521230,2021,16
521250,2021,419
521260,2021,2
521270,2021,26
521280,2021,20
521290,2021,6
521295,2021,8
521300,2021,16
521305,2021,7
521308,2021,74
521310,2021,159
521350,2021,20
521370,2021,14
521375,2021,27
521377,2021,5
521380,2021,87
521385,2021,6
521390,2021,8
521400,2021,45
521405,2021,24
521410,2021,11
521440,2021,15
521450,2021,58
521460,2021,71
521470,2021,1
521480,2021,3
521483,2021,32
521486,2021,9
521487,2021,6
521490,2021,5
521500,2021,17
521520,2021,3
521523,2021,221
521525,2021,14
521530,2021,20
521540,2021,8
521550,2021,10
521560,2021,80
521565,2021,9
521570,2021,76
521580,2021,1
521590,2021,4
521600,2021,6
521630,2021,9
521640,2021,26
521645,2021,10
521680,2021,9
521690,2021,5
521710,2021,45
521720,2021,15
521730,2021,36
521740,2021,53
521760,2021,250
521770,2021,26
521800,2021,111
521805,2021,13
521810,2021,9
521830,2021,102
521839,2021,4
521850,2021,102
521860,2021,24
521870,2021,5
521878,2021,2
521880,2021,403
521890,2021,25
521900,2021,6
521910,2021,13
521920,2021,1
521925,2021,13
521930,2021,73
521935,2021,3
521940,2021,6
521945,2021,6
521950,2021,3
521960,2021,12
521970,2021,23
521971,2021,9
521973,2021,10
521975,2021,151
521980,2021,28
521990,2021,16
522000,2021,32
522005,2021,1
522010,2021,41
522015,2021,15
522020,2021,52
522026,2021,5
522028,2021,6
522040,2021,24
522045,2021,322
522050,2021,13
522060,2021,17
522068,2021,14
522070,2021,6
522100,2021,2
522108,2021,8
522119,2021,10
522130,2021,2
522140,2021,213
522145,2021,10
522150,2021,11
522155,2021,10
522157,2021,5
522160,2021,77
522170,2021,17
522180,2021,3
522185,2021,243
522190,2021,3
522200,2021,30
522205,2021,18
522220,2021,15
522230,2021,9
530010,2021,3323
170460,NA,NA
310310,NA,NA
310380,NA,NA
311310,NA,NA
311560,NA,NA
311990,NA,NA
312460,NA,NA
314640,NA,NA
314750,NA,NA
315440,NA,NA
315870,NA,NA
316480,NA,NA
316660,NA,NA
316905,NA,NA
350620,NA,NA
350720,NA,NA
351385,NA,NA
351512,NA,NA
351800,NA,NA
352910,NA,NA
353286,NA,NA
353715,NA,NA
354440,NA,NA
354720,NA,NA
354765,NA,NA
354925,NA,NA
355130,NA,NA
355475,NA,NA
355530,NA,NA
411065,NA,NA
411260,NA,NA
412135,NA,NA
412830,NA,NA
420209,NA,NA
420435,NA,NA
420675,NA,NA
421240,NA,NA
430066,NA,NA
430192,NA,NA
430461,NA,NA
430513,NA,NA
430558,NA,NA
430583,NA,NA
430675,NA,NA
430825,NA,NA
430843,NA,NA
431036,NA,NA
431046,NA,NA
431075,NA,NA
431164,NA,NA
431200,NA,NA
431235,NA,NA
431238,NA,NA
431295,NA,NA
431335,NA,NA
431413,NA,NA
431475,NA,NA
431478,NA,NA
431517,NA,NA
431695,NA,NA
431697,NA,NA
431725,NA,NA
431755,NA,NA
431775,NA,NA
431795,NA,NA
431844,NA,NA
431849,NA,NA
432162,NA,NA
432163,NA,NA
432218,NA,NA
432234,NA,NA
432235,NA,NA
432237,NA,NA
432377,NA,NA
510120,NA,NA
521340,NA,NA
