"codigo","ano","nvm_entre_20_e_34_anos"
110001,2021,263
110002,2021,1109
110003,2021,45
110004,2021,1048
110005,2021,177
110006,2021,176
110007,2021,74
110008,2021,134
110009,2021,351
110010,2021,550
110011,2021,680
110012,2021,1425
110013,2021,334
110014,2021,168
110015,2021,396
110018,2021,417
110020,2021,5501
110025,2021,175
110026,2021,40
110028,2021,618
110029,2021,58
110030,2021,1180
110032,2021,267
110033,2021,330
110034,2021,154
110037,2021,104
110040,2021,168
110045,2021,394
110050,2021,62
110060,2021,47
110070,2021,92
110080,2021,251
110090,2021,28
110092,2021,114
110094,2021,169
110100,2021,81
110110,2021,91
110120,2021,53
110130,2021,114
110140,2021,127
110143,2021,59
110145,2021,30
110146,2021,28
110147,2021,31
110148,2021,35
110149,2021,210
110150,2021,118
110155,2021,45
110160,2021,59
110170,2021,120
110175,2021,54
110180,2021,46
120001,2021,178
120005,2021,163
120010,2021,348
120013,2021,167
120017,2021,134
120020,2021,1140
120025,2021,217
120030,2021,508
120032,2021,154
120033,2021,248
120034,2021,171
120035,2021,233
120038,2021,174
120039,2021,196
120040,2021,3840
120042,2021,198
120043,2021,100
120045,2021,262
120050,2021,464
120060,2021,667
120070,2021,210
120080,2021,215
130002,2021,251
130006,2021,179
130008,2021,108
130010,2021,157
130014,2021,205
130020,2021,179
130030,2021,575
130040,2021,295
130050,2021,586
130060,2021,666
130063,2021,345
130068,2021,179
130070,2021,455
130080,2021,528
130083,2021,126
130090,2021,118
130100,2021,407
130110,2021,389
130115,2021,144
130120,2021,1014
130130,2021,286
130140,2021,387
130150,2021,201
130160,2021,394
130165,2021,200
130170,2021,754
130180,2021,225
130185,2021,623
130190,2021,1333
130195,2021,176
130200,2021,138
130210,2021,99
130220,2021,115
130230,2021,401
130240,2021,547
130250,2021,1472
130255,2021,166
130260,2021,25686
130270,2021,631
130280,2021,257
130290,2021,929
130300,2021,237
130310,2021,393
130320,2021,190
130330,2021,272
130340,2021,1338
130350,2021,255
130353,2021,417
130356,2021,284
130360,2021,226
130370,2021,476
130380,2021,1070
130390,2021,649
130395,2021,143
130400,2021,138
130406,2021,1140
130410,2021,303
130420,2021,1148
130423,2021,289
130426,2021,224
130430,2021,171
130440,2021,245
140002,2021,265
140005,2021,445
140010,2021,5699
140015,2021,261
140017,2021,244
140020,2021,270
140023,2021,151
140028,2021,91
140030,2021,235
140040,2021,289
140045,2021,404
140047,2021,392
140050,2021,101
140060,2021,79
140070,2021,436
150010,2021,2023
150013,2021,97
150020,2021,644
150030,2021,634
150034,2021,139
150040,2021,688
150050,2021,506
150060,2021,1517
150070,2021,496
150080,2021,4875
150085,2021,406
150090,2021,586
150095,2021,262
150100,2021,110
150110,2021,360
150120,2021,397
150125,2021,38
150130,2021,1640
150140,2021,11705
150145,2021,186
150150,2021,682
150157,2021,182
150160,2021,128
150170,2021,1438
150172,2021,220
150175,2021,83
150178,2021,441
150180,2021,1786
150190,2021,281
150195,2021,217
150200,2021,186
150210,2021,1718
150215,2021,1054
150220,2021,733
150230,2021,561
150240,2021,2315
150250,2021,247
150260,2021,91
150270,2021,534
150275,2021,340
150276,2021,128
150277,2021,251
150280,2021,457
150285,2021,127
150290,2021,347
150293,2021,477
150295,2021,310
150300,2021,78
150304,2021,211
150307,2021,267
150309,2021,386
150310,2021,465
150320,2021,377
150330,2021,762
150340,2021,135
150345,2021,411
150350,2021,300
150360,2021,1789
150370,2021,508
150375,2021,388
150380,2021,465
150390,2021,733
150400,2021,318
150405,2021,366
150410,2021,64
150420,2021,3222
150430,2021,268
150440,2021,218
150442,2021,1228
150445,2021,312
150450,2021,375
150460,2021,353
150470,2021,862
150475,2021,195
150480,2021,769
150490,2021,462
150495,2021,218
150497,2021,131
150500,2021,93
150503,2021,489
150506,2021,824
150510,2021,651
150520,2021,476
150530,2021,1031
150540,2021,208
150543,2021,421
150548,2021,517
150549,2021,78
150550,2021,1319
150553,2021,3653
150555,2021,84
150560,2021,64
150563,2021,122
150565,2021,201
150570,2021,219
150580,2021,1026
150590,2021,464
150600,2021,501
150610,2021,113
150611,2021,100
150613,2021,1208
150616,2021,210
150618,2021,429
150619,2021,300
150620,2021,509
150630,2021,238
150635,2021,220
150640,2021,49
150650,2021,678
150655,2021,207
150658,2021,128
150660,2021,251
150670,2021,464
150680,2021,4732
150690,2021,75
150700,2021,296
150710,2021,132
150715,2021,251
150720,2021,304
150730,2021,724
150740,2021,177
150745,2021,308
150746,2021,51
150747,2021,208
150750,2021,144
150760,2021,622
150770,2021,393
150775,2021,56
150780,2021,182
150790,2021,277
150795,2021,1043
150796,2021,129
150797,2021,208
150800,2021,1024
150803,2021,300
150805,2021,177
150808,2021,513
150810,2021,1154
150812,2021,261
150815,2021,515
150820,2021,425
150830,2021,691
150835,2021,229
150840,2021,690
160005,2021,66
160010,2021,101
160015,2021,202
160020,2021,132
160021,2021,63
160023,2021,95
160025,2021,96
160027,2021,455
160030,2021,5780
160040,2021,357
160050,2021,391
160053,2021,256
160055,2021,64
160060,2021,1433
160070,2021,199
160080,2021,163
170025,2021,16
170030,2021,54
170035,2021,43
170040,2021,84
170070,2021,89
170100,2021,108
170105,2021,23
170110,2021,44
170130,2021,42
170190,2021,55
170200,2021,61
170210,2021,2194
170215,2021,48
170220,2021,308
170230,2021,73
170240,2021,90
170255,2021,196
170270,2021,15
170290,2021,127
170300,2021,69
170305,2021,36
170307,2021,58
170310,2021,40
170320,2021,39
170330,2021,35
170360,2021,16
170370,2021,37
170380,2021,103
170382,2021,22
170384,2021,106
170386,2021,41
170388,2021,24
170389,2021,31
170390,2021,50
170410,2021,18
170460,2021,12
170510,2021,40
170550,2021,424
170555,2021,39
170560,2021,38
170600,2021,48
170610,2021,51
170625,2021,14
170650,2021,66
170700,2021,195
170710,2021,70
170720,2021,38
170730,2021,32
170740,2021,93
170755,2021,28
170765,2021,36
170770,2021,64
170820,2021,208
170825,2021,32
170830,2021,40
170900,2021,112
170930,2021,251
170950,2021,906
170980,2021,16
171050,2021,63
171070,2021,50
171090,2021,41
171110,2021,31
171150,2021,19
171180,2021,25
171190,2021,187
171195,2021,40
171200,2021,41
171215,2021,7
171240,2021,31
171245,2021,35
171250,2021,43
171270,2021,26
171280,2021,29
171320,2021,209
171330,2021,134
171360,2021,53
171370,2021,18
171380,2021,55
171395,2021,39
171420,2021,71
171430,2021,44
171488,2021,115
171500,2021,33
171510,2021,39
171515,2021,14
171525,2021,25
171550,2021,9
171570,2021,29
171575,2021,55
171610,2021,554
171620,2021,104
171630,2021,49
171650,2021,151
171660,2021,88
171665,2021,50
171670,2021,99
171700,2021,29
171720,2021,26
171750,2021,60
171780,2021,25
171790,2021,65
171800,2021,33
171820,2021,806
171830,2021,61
171840,2021,28
171845,2021,24
171850,2021,33
171855,2021,45
171865,2021,22
171870,2021,26
171875,2021,42
171880,2021,59
171884,2021,32
171886,2021,82
171888,2021,24
171889,2021,23
171890,2021,62
171900,2021,35
172000,2021,19
172010,2021,51
172015,2021,14
172020,2021,104
172025,2021,16
172030,2021,34
172049,2021,31
172065,2021,38
172080,2021,92
172085,2021,14
172090,2021,126
172093,2021,26
172097,2021,24
172100,2021,3583
172110,2021,106
172120,2021,292
172125,2021,22
172130,2021,19
172208,2021,100
172210,2021,130
210005,2021,1339
210010,2021,78
210015,2021,115
210020,2021,145
210030,2021,263
210040,2021,47
210043,2021,278
210047,2021,320
210050,2021,115
210055,2021,81
210060,2021,498
210070,2021,199
210080,2021,209
210083,2021,183
210087,2021,102
210090,2021,366
210095,2021,359
210100,2021,305
210110,2021,75
210120,2021,1216
210125,2021,170
210130,2021,166
210135,2021,48
210140,2021,1385
210150,2021,204
210160,2021,960
210170,2021,885
210173,2021,143
210177,2021,129
210180,2021,46
210190,2021,163
210193,2021,42
210197,2021,76
210200,2021,378
210203,2021,354
210207,2021,93
210210,2021,351
210215,2021,111
210220,2021,315
210230,2021,234
210232,2021,705
210235,2021,128
210237,2021,39
210240,2021,93
210250,2021,188
210255,2021,119
210260,2021,218
210270,2021,179
210275,2021,107
210280,2021,241
210290,2021,310
210300,2021,1729
210310,2021,93
210312,2021,93
210315,2021,149
210317,2021,206
210320,2021,984
210325,2021,113
210330,2021,1312
210340,2021,486
210350,2021,429
210355,2021,143
210360,2021,703
210370,2021,332
210375,2021,150
210380,2021,197
210390,2021,116
210400,2021,200
210405,2021,337
210407,2021,82
210408,2021,190
210409,2021,159
210410,2021,146
210420,2021,163
210430,2021,100
210440,2021,153
210450,2021,101
210455,2021,206
210460,2021,142
210462,2021,79
210465,2021,84
210467,2021,300
210470,2021,30
210480,2021,990
210490,2021,99
210500,2021,317
210510,2021,267
210515,2021,179
210520,2021,123
210530,2021,3381
210535,2021,159
210540,2021,806
210542,2021,210
210545,2021,92
210547,2021,266
210550,2021,323
210560,2021,158
210565,2021,63
210570,2021,525
210580,2021,93
210590,2021,136
210592,2021,107
210594,2021,59
210596,2021,154
210598,2021,84
210600,2021,130
210610,2021,92
210620,2021,69
210630,2021,116
210632,2021,226
210635,2021,60
210637,2021,105
210640,2021,180
210650,2021,247
210660,2021,306
210663,2021,71
210667,2021,59
210670,2021,239
210675,2021,241
210680,2021,167
210690,2021,302
210700,2021,112
210710,2021,78
210720,2021,156
210725,2021,66
210730,2021,27
210735,2021,189
210740,2021,168
210745,2021,148
210750,2021,1139
210760,2021,187
210770,2021,207
210780,2021,284
210790,2021,203
210800,2021,200
210805,2021,249
210810,2021,225
210820,2021,355
210825,2021,236
210830,2021,451
210840,2021,74
210845,2021,219
210850,2021,312
210860,2021,1036
210870,2021,207
210880,2021,172
210890,2021,147
210900,2021,287
210905,2021,38
210910,2021,511
210920,2021,104
210923,2021,72
210927,2021,217
210930,2021,130
210940,2021,127
210945,2021,369
210950,2021,229
210955,2021,71
210960,2021,347
210970,2021,55
210975,2021,46
210980,2021,311
210990,2021,1007
211000,2021,625
211003,2021,239
211010,2021,298
211020,2021,377
211023,2021,118
211027,2021,75
211030,2021,192
211040,2021,252
211050,2021,305
211060,2021,265
211065,2021,53
211070,2021,414
211080,2021,44
211085,2021,63
211090,2021,83
211100,2021,172
211102,2021,154
211105,2021,98
211107,2021,171
211110,2021,246
211120,2021,2468
211125,2021,71
211130,2021,10701
211140,2021,184
211150,2021,389
211153,2021,94
211157,2021,70
211160,2021,219
211163,2021,51
211167,2021,45
211170,2021,184
211172,2021,84
211174,2021,129
211176,2021,155
211178,2021,101
211180,2021,184
211190,2021,122
211195,2021,25
211200,2021,83
211210,2021,309
211220,2021,2044
211223,2021,233
211227,2021,55
211230,2021,343
211240,2021,450
211245,2021,207
211250,2021,693
211260,2021,457
211270,2021,582
211280,2021,652
211285,2021,112
211290,2021,386
211300,2021,310
211400,2021,491
220005,2021,61
220010,2021,47
220020,2021,172
220025,2021,53
220027,2021,41
220030,2021,85
220040,2021,425
220045,2021,53
220050,2021,161
220060,2021,61
220070,2021,108
220080,2021,44
220090,2021,29
220095,2021,28
220100,2021,45
220105,2021,74
220110,2021,110
220115,2021,221
220117,2021,26
220120,2021,479
220130,2021,31
220140,2021,58
220150,2021,238
220155,2021,47
220157,2021,19
220160,2021,79
220170,2021,47
220173,2021,76
220177,2021,55
220180,2021,27
220190,2021,353
220191,2021,55
220192,2021,55
220194,2021,69
220196,2021,48
220198,2021,32
220200,2021,230
220202,2021,45
220205,2021,66
220207,2021,28
220208,2021,86
220209,2021,50
220210,2021,42
220211,2021,43
220213,2021,70
220217,2021,58
220220,2021,409
220225,2021,36
220230,2021,191
220240,2021,106
220245,2021,38
220250,2021,95
220253,2021,61
220255,2021,48
220260,2021,184
220265,2021,64
220270,2021,307
220271,2021,38
220272,2021,64
220273,2021,34
220275,2021,57
220277,2021,68
220280,2021,40
220285,2021,22
220290,2021,344
220300,2021,67
220310,2021,115
220320,2021,109
220323,2021,67
220325,2021,38
220327,2021,62
220330,2021,179
220335,2021,71
220340,2021,53
220342,2021,38
220345,2021,72
220350,2021,98
220360,2021,35
220370,2021,432
220375,2021,42
220380,2021,36
220385,2021,15
220390,2021,649
220400,2021,40
220410,2021,42
220415,2021,21
220420,2021,50
220430,2021,64
220435,2021,62
220440,2021,121
220450,2021,103
220455,2021,62
220460,2021,38
220465,2021,108
220470,2021,117
220480,2021,81
220490,2021,81
220500,2021,67
220510,2021,74
220515,2021,48
220520,2021,160
220525,2021,37
220527,2021,23
220530,2021,45
220535,2021,25
220540,2021,133
220545,2021,44
220550,2021,388
220551,2021,48
220552,2021,60
220553,2021,42
220554,2021,17
220555,2021,73
220556,2021,55
220557,2021,58
220558,2021,51
220559,2021,31
220560,2021,34
220570,2021,302
220580,2021,239
220585,2021,63
220590,2021,57
220595,2021,76
220600,2021,38
220605,2021,40
220610,2021,136
220620,2021,334
220630,2021,11
220635,2021,48
220640,2021,81
220650,2021,52
220660,2021,127
220665,2021,56
220667,2021,73
220669,2021,82
220670,2021,62
220672,2021,103
220675,2021,41
220680,2021,89
220690,2021,31
220695,2021,24
220700,2021,329
220710,2021,22
220720,2021,69
220730,2021,40
220735,2021,22
220740,2021,57
220750,2021,122
220755,2021,20
220760,2021,105
220770,2021,1669
220775,2021,30
220777,2021,48
220779,2021,30
220780,2021,242
220785,2021,32
220790,2021,377
220793,2021,24
220795,2021,34
220800,2021,767
220810,2021,75
220820,2021,145
220830,2021,255
220840,2021,637
220850,2021,165
220855,2021,29
220860,2021,23
220865,2021,70
220870,2021,123
220880,2021,177
220885,2021,37
220887,2021,30
220890,2021,71
220900,2021,37
220910,2021,37
220915,2021,25
220920,2021,62
220930,2021,41
220935,2021,34
220937,2021,39
220940,2021,53
220945,2021,11
220950,2021,20
220955,2021,38
220960,2021,24
220965,2021,51
220970,2021,46
220975,2021,39
220980,2021,47
220985,2021,25
220987,2021,43
220990,2021,45
220995,2021,45
220997,2021,99
221000,2021,232
221005,2021,48
221010,2021,27
221020,2021,60
221030,2021,44
221035,2021,27
221037,2021,20
221038,2021,14
221039,2021,30
221040,2021,134
221050,2021,128
221060,2021,428
221062,2021,21
221063,2021,34
221065,2021,90
221070,2021,136
221080,2021,118
221090,2021,36
221093,2021,54
221095,2021,27
221097,2021,29
221100,2021,8663
221110,2021,487
221120,2021,305
221130,2021,180
221135,2021,57
221140,2021,25
221150,2021,31
221160,2021,22
221170,2021,28
230010,2021,98
230015,2021,124
230020,2021,671
230030,2021,399
230040,2021,102
230050,2021,103
230060,2021,68
230070,2021,128
230075,2021,522
230080,2021,53
230090,2021,114
230100,2021,814
230110,2021,696
230120,2021,236
230125,2021,81
230130,2021,220
230140,2021,112
230150,2021,63
230160,2021,194
230170,2021,222
230180,2021,34
230185,2021,158
230190,2021,844
230195,2021,224
230200,2021,178
230205,2021,149
230210,2021,346
230220,2021,437
230230,2021,285
230240,2021,455
230250,2021,479
230260,2021,668
230270,2021,270
230280,2021,760
230290,2021,142
230300,2021,164
230310,2021,157
230320,2021,269
230330,2021,124
230340,2021,168
230350,2021,669
230360,2021,84
230365,2021,56
230370,2021,3545
230380,2021,168
230390,2021,133
230393,2021,109
230395,2021,187
230400,2021,221
230410,2021,650
230420,2021,1476
230423,2021,173
230425,2021,339
230426,2021,57
230427,2021,21
230428,2021,867
230430,2021,163
230435,2021,182
230440,2021,22224
230445,2021,153
230450,2021,176
230460,2021,49
230465,2021,140
230470,2021,572
230480,2021,47
230490,2021,94
230495,2021,204
230500,2021,465
230510,2021,55
230520,2021,155
230523,2021,793
230526,2021,115
230530,2021,257
230533,2021,85
230535,2021,147
230540,2021,490
230550,2021,1010
230560,2021,218
230565,2021,91
230570,2021,77
230580,2021,437
230590,2021,311
230600,2021,95
230610,2021,269
230620,2021,57
230625,2021,541
230630,2021,441
230640,2021,1482
230650,2021,150
230655,2021,506
230660,2021,192
230670,2021,156
230680,2021,84
230690,2021,323
230700,2021,260
230710,2021,268
230720,2021,56
230725,2021,285
230730,2021,2851
230740,2021,232
230750,2021,246
230760,2021,519
230763,2021,122
230765,2021,3067
230770,2021,903
230780,2021,347
230790,2021,120
230800,2021,407
230810,2021,480
230820,2021,133
230830,2021,261
230835,2021,99
230837,2021,123
230840,2021,439
230850,2021,285
230860,2021,155
230870,2021,527
230880,2021,75
230890,2021,231
230900,2021,110
230910,2021,88
230920,2021,159
230930,2021,254
230940,2021,253
230945,2021,198
230950,2021,142
230960,2021,700
230970,2021,719
230980,2021,88
230990,2021,51
231000,2021,66
231010,2021,70
231020,2021,374
231025,2021,300
231030,2021,319
231040,2021,63
231050,2021,324
231060,2021,129
231070,2021,319
231080,2021,140
231085,2021,210
231090,2021,98
231095,2021,79
231100,2021,103
231110,2021,191
231120,2021,97
231123,2021,51
231126,2021,167
231130,2021,861
231135,2021,108
231140,2021,859
231150,2021,178
231160,2021,270
231170,2021,177
231180,2021,672
231190,2021,137
231195,2021,214
231200,2021,253
231210,2021,170
231220,2021,350
231230,2021,527
231240,2021,578
231250,2021,41
231260,2021,104
231270,2021,200
231280,2021,72
231290,2021,2143
231300,2021,149
231310,2021,251
231320,2021,210
231325,2021,53
231330,2021,552
231335,2021,138
231340,2021,1077
231350,2021,593
231355,2021,195
231360,2021,332
231370,2021,42
231375,2021,151
231380,2021,224
231390,2021,121
231395,2021,184
231400,2021,324
231410,2021,662
240010,2021,70
240020,2021,501
240030,2021,84
240040,2021,30
240050,2021,104
240060,2021,33
240070,2021,105
240080,2021,83
240090,2021,47
240100,2021,304
240110,2021,220
240120,2021,127
240130,2021,53
240140,2021,76
240145,2021,246
240150,2021,43
240160,2021,36
240165,2021,24
240170,2021,79
240180,2021,125
240185,2021,43
240190,2021,29
240200,2021,493
240210,2021,93
240220,2021,332
240230,2021,128
240240,2021,74
240250,2021,68
240260,2021,788
240270,2021,105
240280,2021,62
240290,2021,41
240300,2021,57
240310,2021,334
240320,2021,61
240325,2021,2460
240330,2021,72
240340,2021,53
240350,2021,74
240360,2021,460
240370,2021,34
240375,2021,32
240380,2021,64
240390,2021,21
240400,2021,40
240410,2021,29
240420,2021,376
240430,2021,105
240440,2021,70
240450,2021,196
240460,2021,94
240470,2021,130
240480,2021,11
240485,2021,71
240490,2021,47
240500,2021,67
240510,2021,59
240520,2021,31
240530,2021,94
240540,2021,62
240550,2021,20
240560,2021,93
240570,2021,74
240580,2021,349
240590,2021,14
240600,2021,50
240610,2021,150
240615,2021,24
240620,2021,65
240630,2021,70
240640,2021,19
240650,2021,149
240660,2021,101
240670,2021,84
240680,2021,40
240690,2021,24
240700,2021,75
240710,2021,690
240720,2021,208
240725,2021,35
240730,2021,73
240740,2021,56
240750,2021,87
240760,2021,40
240770,2021,148
240780,2021,202
240790,2021,29
240800,2021,2520
240810,2021,7133
240820,2021,284
240830,2021,312
240840,2021,24
240850,2021,48
240860,2021,41
240870,2021,29
240880,2021,80
240890,2021,195
240895,2021,107
240910,2021,104
240920,2021,26
240930,2021,74
240933,2021,58
240940,2021,285
240950,2021,41
240960,2021,19
240970,2021,39
240980,2021,135
240990,2021,93
241000,2021,13
241010,2021,89
241020,2021,52
241025,2021,56
241030,2021,107
241040,2021,94
241050,2021,41
241060,2021,18
241070,2021,13
241080,2021,28
241090,2021,65
241100,2021,45
241105,2021,55
241110,2021,29
241120,2021,366
241140,2021,80
241142,2021,24
241150,2021,246
241160,2021,41
241170,2021,52
241180,2021,19
241190,2021,28
241200,2021,1095
241210,2021,49
241220,2021,488
241230,2021,88
241240,2021,41
241250,2021,193
241255,2021,98
241260,2021,157
241270,2021,54
241280,2021,51
241290,2021,68
241300,2021,54
241310,2021,69
241320,2021,56
241330,2021,46
241335,2021,147
241340,2021,45
241350,2021,60
241355,2021,25
241360,2021,50
241370,2021,35
241380,2021,21
241390,2021,92
241400,2021,132
241410,2021,98
241415,2021,62
241420,2021,155
241430,2021,13
241440,2021,320
241445,2021,43
241450,2021,75
241460,2021,84
241470,2021,54
241475,2021,31
241480,2021,133
241490,2021,14
241500,2021,42
250010,2021,89
250020,2021,40
250030,2021,267
250040,2021,223
250050,2021,150
250053,2021,69
250057,2021,33
250060,2021,262
250070,2021,121
250073,2021,19
250077,2021,70
250080,2021,166
250090,2021,83
250100,2021,154
250110,2021,190
250115,2021,24
250120,2021,72
250130,2021,163
250135,2021,38
250140,2021,123
250150,2021,211
250153,2021,48
250157,2021,74
250160,2021,107
250170,2021,62
250180,2021,933
250190,2021,143
250200,2021,43
250205,2021,45
250210,2021,53
250215,2021,54
250220,2021,19
250230,2021,35
250240,2021,93
250250,2021,168
250260,2021,43
250270,2021,39
250280,2021,144
250290,2021,45
250300,2021,259
250310,2021,35
250320,2021,673
250330,2021,93
250340,2021,30
250350,2021,149
250355,2021,99
250360,2021,55
250370,2021,604
250375,2021,26
250380,2021,51
250390,2021,68
250400,2021,4124
250403,2021,89
250407,2021,55
250410,2021,25
250415,2021,52
250420,2021,37
250430,2021,270
250435,2021,58
250440,2021,168
250450,2021,65
250460,2021,356
250470,2021,86
250480,2021,128
250485,2021,18
250490,2021,229
250500,2021,71
250510,2021,176
250520,2021,76
250523,2021,81
250527,2021,57
250530,2021,28
250535,2021,55
250540,2021,111
250550,2021,36
250560,2021,45
250570,2021,86
250580,2021,32
250590,2021,25
250600,2021,303
250610,2021,104
250620,2021,15
250625,2021,97
250630,2021,552
250640,2021,147
250650,2021,31
250660,2021,50
250670,2021,108
250680,2021,166
250690,2021,253
250700,2021,232
250710,2021,181
250720,2021,106
250730,2021,152
250740,2021,55
250750,2021,7551
250760,2021,87
250770,2021,202
250780,2021,77
250790,2021,140
250800,2021,82
250810,2021,34
250820,2021,83
250830,2021,265
250840,2021,34
250850,2021,65
250855,2021,29
250860,2021,159
250870,2021,26
250880,2021,64
250890,2021,558
250900,2021,120
250905,2021,119
250910,2021,183
250915,2021,47
250920,2021,110
250930,2021,126
250933,2021,56
250937,2021,21
250939,2021,76
250940,2021,144
250950,2021,71
250960,2021,49
250970,2021,339
250980,2021,73
250990,2021,48
251000,2021,71
251010,2021,75
251020,2021,40
251030,2021,28
251040,2021,58
251050,2021,34
251060,2021,29
251065,2021,12
251070,2021,19
251080,2021,991
251090,2021,102
251100,2021,43
251110,2021,48
251120,2021,304
251130,2021,112
251140,2021,180
251150,2021,143
251160,2021,83
251170,2021,63
251180,2021,83
251190,2021,190
251200,2021,145
251203,2021,37
251207,2021,33
251210,2021,233
251220,2021,36
251230,2021,230
251240,2021,145
251250,2021,457
251260,2021,14
251270,2021,157
251272,2021,52
251274,2021,21
251275,2021,57
251276,2021,51
251278,2021,27
251280,2021,73
251290,2021,291
251300,2021,35
251310,2021,100
251315,2021,90
251320,2021,47
251330,2021,47
251335,2021,26
251340,2021,135
251350,2021,41
251360,2021,46
251365,2021,11
251370,2021,1566
251380,2021,27
251385,2021,19
251390,2021,311
251392,2021,35
251394,2021,23
251396,2021,17
251398,2021,25
251400,2021,36
251410,2021,43
251420,2021,43
251430,2021,60
251440,2021,37
251445,2021,61
251450,2021,160
251455,2021,40
251460,2021,34
251465,2021,19
251470,2021,27
251480,2021,31
251490,2021,53
251500,2021,92
251510,2021,94
251520,2021,30
251530,2021,421
251540,2021,111
251550,2021,108
251560,2021,25
251570,2021,39
251580,2021,69
251590,2021,49
251593,2021,58
251597,2021,87
251600,2021,227
251610,2021,137
251615,2021,36
251620,2021,678
251630,2021,158
251640,2021,69
251650,2021,133
251660,2021,123
251670,2021,162
251675,2021,30
251680,2021,81
251690,2021,128
251700,2021,75
251710,2021,17
251720,2021,28
251740,2021,20
260005,2021,904
260010,2021,396
260020,2021,164
260030,2021,270
260040,2021,289
260050,2021,449
260060,2021,120
260070,2021,350
260080,2021,157
260090,2021,172
260100,2021,102
260105,2021,226
260110,2021,1084
260120,2021,760
260130,2021,110
260140,2021,477
260150,2021,91
260160,2021,168
260170,2021,775
260180,2021,127
260190,2021,476
260200,2021,359
260210,2021,289
260220,2021,303
260230,2021,448
260240,2021,123
260250,2021,63
260260,2021,539
260270,2021,113
260280,2021,562
260290,2021,2071
260300,2021,339
260310,2021,231
260320,2021,306
260330,2021,83
260340,2021,63
260345,2021,1501
260350,2021,135
260360,2021,63
260370,2021,240
260380,2021,194
260390,2021,161
260392,2021,183
260400,2021,757
260410,2021,3990
260415,2021,107
260420,2021,311
260430,2021,111
260440,2021,108
260450,2021,221
260460,2021,224
260470,2021,122
260480,2021,114
260490,2021,88
260500,2021,248
260510,2021,385
260515,2021,155
260520,2021,559
260530,2021,304
260540,2021,211
260545,2021,19
260550,2021,94
260560,2021,204
260570,2021,336
260580,2021,100
260590,2021,195
260600,2021,1480
260610,2021,277
260620,2021,756
260630,2021,82
260640,2021,714
260650,2021,218
260660,2021,282
260670,2021,77
260680,2021,1074
260690,2021,102
260700,2021,231
260710,2021,42
260720,2021,1273
260730,2021,369
260740,2021,52
260750,2021,262
260760,2021,226
260765,2021,320
260770,2021,124
260775,2021,273
260780,2021,125
260790,2021,6049
260795,2021,99
260800,2021,162
260805,2021,144
260810,2021,234
260820,2021,158
260825,2021,131
260830,2021,217
260840,2021,124
260845,2021,173
260850,2021,237
260860,2021,107
260870,2021,130
260875,2021,263
260880,2021,441
260890,2021,537
260900,2021,227
260910,2021,136
260915,2021,168
260920,2021,94
260930,2021,194
260940,2021,512
260950,2021,292
260960,2021,3273
260970,2021,204
260980,2021,182
260990,2021,725
261000,2021,617
261010,2021,61
261020,2021,244
261030,2021,144
261040,2021,203
261050,2021,244
261060,2021,596
261070,2021,2569
261080,2021,223
261090,2021,610
261100,2021,457
261110,2021,4420
261120,2021,112
261130,2021,265
261140,2021,112
261150,2021,151
261153,2021,64
261160,2021,12469
261170,2021,208
261180,2021,306
261190,2021,229
261200,2021,78
261210,2021,49
261220,2021,667
261230,2021,130
261240,2021,206
261245,2021,127
261247,2021,100
261250,2021,959
261255,2021,147
261260,2021,430
261270,2021,129
261280,2021,88
261290,2021,89
261300,2021,518
261310,2021,337
261320,2021,223
261330,2021,183
261340,2021,197
261350,2021,333
261360,2021,310
261370,2021,1042
261380,2021,177
261390,2021,1041
261400,2021,190
261410,2021,268
261420,2021,364
261430,2021,97
261440,2021,51
261450,2021,583
261460,2021,246
261470,2021,130
261480,2021,238
261485,2021,269
261500,2021,280
261510,2021,61
261520,2021,91
261530,2021,460
261540,2021,447
261550,2021,130
261560,2021,387
261570,2021,116
261580,2021,243
261590,2021,83
261600,2021,200
261610,2021,95
261618,2021,73
261620,2021,222
261630,2021,242
261640,2021,1370
261650,2021,160
270010,2021,232
270020,2021,132
270030,2021,2729
270040,2021,416
270050,2021,168
270060,2021,115
270070,2021,190
270080,2021,47
270090,2021,65
270100,2021,214
270110,2021,116
270120,2021,97
270130,2021,169
270135,2021,70
270140,2021,315
270150,2021,102
270160,2021,205
270170,2021,125
270180,2021,94
270190,2021,55
270200,2021,105
270210,2021,179
270220,2021,66
270230,2021,603
270235,2021,288
270240,2021,510
270250,2021,101
270255,2021,210
270260,2021,233
270270,2021,48
270280,2021,112
270290,2021,393
270300,2021,148
270310,2021,235
270320,2021,229
270330,2021,169
270340,2021,68
270350,2021,38
270360,2021,107
270370,2021,51
270375,2021,104
270380,2021,223
270390,2021,50
270400,2021,221
270410,2021,226
270420,2021,263
270430,2021,9467
270440,2021,173
270450,2021,422
270460,2021,100
270470,2021,615
270480,2021,125
270490,2021,26
270500,2021,223
270510,2021,234
270520,2021,143
270530,2021,51
270540,2021,95
270550,2021,306
270560,2021,89
270570,2021,259
270580,2021,98
270590,2021,37
270600,2021,104
270610,2021,139
270620,2021,60
270630,2021,764
270640,2021,290
270642,2021,92
270644,2021,156
270650,2021,129
270660,2021,64
270670,2021,631
270680,2021,199
270690,2021,381
270700,2021,21
270710,2021,290
270720,2021,134
270730,2021,260
270740,2021,95
270750,2021,204
270760,2021,122
270770,2021,935
270780,2021,82
270790,2021,77
270800,2021,536
270810,2021,137
270820,2021,65
270830,2021,266
270840,2021,386
270850,2021,287
270860,2021,563
270870,2021,100
270880,2021,330
270890,2021,239
270895,2021,127
270900,2021,66
270910,2021,198
270915,2021,441
270920,2021,233
270930,2021,857
270940,2021,269
280010,2021,30
280020,2021,168
280030,2021,5360
280040,2021,85
280050,2021,179
280060,2021,393
280067,2021,220
280070,2021,95
280100,2021,148
280110,2021,40
280120,2021,334
280130,2021,380
280140,2021,192
280150,2021,139
280160,2021,46
280170,2021,167
280190,2021,18
280200,2021,64
280210,2021,694
280220,2021,70
280230,2021,177
280240,2021,83
280250,2021,31
280260,2021,52
280270,2021,102
280280,2021,163
280290,2021,1045
280300,2021,371
280310,2021,34
280320,2021,375
280330,2021,152
280340,2021,143
280350,2021,1014
280360,2021,256
280370,2021,60
280380,2021,40
280390,2021,121
280400,2021,144
280410,2021,96
280420,2021,170
280430,2021,76
280440,2021,168
280445,2021,91
280450,2021,443
280460,2021,219
280470,2021,56
280480,2021,1927
280490,2021,148
280500,2021,27
280510,2021,71
280520,2021,50
280530,2021,90
280540,2021,335
280550,2021,196
280560,2021,269
280570,2021,289
280580,2021,161
280590,2021,103
280600,2021,126
280610,2021,90
280620,2021,157
280630,2021,161
280640,2021,69
280650,2021,43
280660,2021,97
280670,2021,821
280680,2021,86
280690,2021,31
280700,2021,31
280710,2021,433
280720,2021,68
280730,2021,33
280740,2021,438
280750,2021,118
280760,2021,273
290010,2021,36
290020,2021,204
290030,2021,117
290035,2021,130
290040,2021,84
290050,2021,89
290060,2021,28
290070,2021,1413
290080,2021,241
290090,2021,38
290100,2021,308
290110,2021,104
290115,2021,127
290120,2021,161
290130,2021,108
290135,2021,129
290140,2021,133
290150,2021,34
290160,2021,110
290170,2021,79
290180,2021,99
290190,2021,119
290195,2021,77
290200,2021,121
290205,2021,100
290210,2021,416
290220,2021,91
290225,2021,65
290230,2021,97
290240,2021,115
290250,2021,100
290260,2021,126
290265,2021,100
290270,2021,615
290280,2021,262
290290,2021,315
290300,2021,121
290310,2021,48
290320,2021,1773
290323,2021,78
290327,2021,150
290330,2021,45
290340,2021,179
290350,2021,136
290360,2021,132
290370,2021,102
290380,2021,145
290390,2021,736
290395,2021,73
290400,2021,123
290405,2021,133
290410,2021,178
290420,2021,101
290430,2021,107
290440,2021,71
290450,2021,91
290460,2021,601
290470,2021,149
290475,2021,215
290480,2021,43
290485,2021,170
290490,2021,213
290500,2021,229
290510,2021,86
290515,2021,76
290520,2021,443
290530,2021,190
290540,2021,172
290550,2021,117
290560,2021,243
290570,2021,2694
290580,2021,374
290590,2021,341
290600,2021,727
290610,2021,95
290620,2021,229
290630,2021,305
290640,2021,44
290650,2021,648
290660,2021,96
290670,2021,186
290680,2021,299
290682,2021,150
290685,2021,81
290687,2021,288
290689,2021,62
290690,2021,190
290700,2021,81
290710,2021,305
290720,2021,702
290730,2021,239
290740,2021,28
290750,2021,336
290755,2021,43
290760,2021,153
290770,2021,108
290780,2021,208
290790,2021,184
290800,2021,141
290810,2021,170
290820,2021,130
290830,2021,111
290840,2021,669
290850,2021,197
290860,2021,227
290870,2021,101
290880,2021,24
290890,2021,137
290900,2021,46
290910,2021,87
290920,2021,102
290930,2021,326
290940,2021,129
290950,2021,41
290960,2021,162
290970,2021,106
290980,2021,453
290990,2021,347
291000,2021,87
291005,2021,655
291010,2021,111
291020,2021,26
291030,2021,49
291040,2021,158
291050,2021,332
291060,2021,289
291070,2021,501
291072,2021,1147
291075,2021,145
291077,2021,50
291080,2021,6434
291085,2021,164
291090,2021,30
291100,2021,52
291110,2021,285
291120,2021,285
291125,2021,24
291130,2021,85
291140,2021,176
291150,2021,50
291160,2021,171
291165,2021,35
291170,2021,876
291180,2021,127
291185,2021,89
291190,2021,232
291200,2021,73
291210,2021,148
291220,2021,205
291230,2021,85
291240,2021,132
291250,2021,88
291260,2021,27
291270,2021,194
291280,2021,74
291290,2021,196
291300,2021,100
291310,2021,130
291320,2021,255
291330,2021,32
291340,2021,99
291345,2021,102
291350,2021,213
291360,2021,1436
291370,2021,292
291380,2021,83
291390,2021,431
291400,2021,440
291410,2021,62
291420,2021,43
291430,2021,62
291440,2021,258
291450,2021,169
291460,2021,981
291465,2021,324
291470,2021,548
291480,2021,1598
291490,2021,279
291500,2021,138
291510,2021,97
291520,2021,133
291530,2021,37
291535,2021,106
291540,2021,46
291550,2021,130
291560,2021,627
291570,2021,94
291580,2021,181
291590,2021,61
291600,2021,115
291610,2021,193
291620,2021,81
291630,2021,88
291640,2021,678
291650,2021,224
291660,2021,46
291670,2021,49
291680,2021,132
291685,2021,129
291690,2021,80
291700,2021,304
291710,2021,138
291720,2021,155
291730,2021,199
291733,2021,100
291735,2021,99
291740,2021,88
291750,2021,919
291760,2021,434
291770,2021,292
291780,2021,139
291790,2021,81
291800,2021,1473
291810,2021,317
291820,2021,108
291830,2021,106
291835,2021,220
291840,2021,2701
291845,2021,64
291850,2021,139
291855,2021,34
291860,2021,50
291870,2021,22
291875,2021,104
291880,2021,168
291890,2021,31
291900,2021,37
291905,2021,45
291910,2021,73
291915,2021,272
291920,2021,1880
291930,2021,89
291940,2021,87
291950,2021,339
291955,2021,1467
291960,2021,75
291970,2021,133
291980,2021,354
291990,2021,55
291992,2021,147
291995,2021,49
292000,2021,75
292010,2021,126
292020,2021,167
292030,2021,60
292040,2021,120
292045,2021,46
292050,2021,220
292060,2021,312
292070,2021,188
292080,2021,62
292090,2021,69
292100,2021,507
292105,2021,89
292110,2021,231
292120,2021,247
292130,2021,103
292140,2021,120
292145,2021,66
292150,2021,440
292160,2021,58
292170,2021,319
292180,2021,72
292190,2021,108
292200,2021,432
292205,2021,133
292210,2021,99
292220,2021,56
292225,2021,114
292230,2021,217
292240,2021,176
292250,2021,188
292260,2021,112
292265,2021,110
292270,2021,97
292273,2021,61
292275,2021,30
292280,2021,63
292285,2021,47
292290,2021,198
292300,2021,336
292303,2021,98
292305,2021,63
292310,2021,175
292320,2021,189
292330,2021,79
292335,2021,166
292340,2021,160
292350,2021,109
292360,2021,183
292370,2021,246
292380,2021,180
292390,2021,88
292400,2021,1163
292405,2021,101
292410,2021,36
292420,2021,134
292430,2021,168
292440,2021,388
292450,2021,140
292460,2021,165
292465,2021,60
292467,2021,58
292470,2021,62
292480,2021,152
292490,2021,48
292500,2021,170
292510,2021,405
292520,2021,323
292525,2021,176
292530,2021,1847
292540,2021,81
292550,2021,350
292560,2021,93
292570,2021,91
292575,2021,283
292580,2021,211
292590,2021,223
292593,2021,68
292595,2021,157
292600,2021,393
292610,2021,120
292620,2021,185
292630,2021,273
292640,2021,196
292650,2021,116
292660,2021,497
292665,2021,60
292670,2021,103
292680,2021,79
292690,2021,65
292700,2021,340
292710,2021,104
292720,2021,257
292730,2021,109
292740,2021,18957
292750,2021,131
292760,2021,138
292770,2021,320
292780,2021,36
292790,2021,77
292800,2021,336
292805,2021,102
292810,2021,333
292820,2021,189
292830,2021,40
292840,2021,270
292850,2021,82
292860,2021,418
292870,2021,901
292880,2021,410
292890,2021,424
292895,2021,59
292900,2021,97
292905,2021,135
292910,2021,152
292920,2021,313
292925,2021,174
292930,2021,251
292935,2021,52
292937,2021,91
292940,2021,87
292950,2021,281
292960,2021,157
292970,2021,142
292975,2021,73
292980,2021,68
292990,2021,450
293000,2021,58
293010,2021,692
293015,2021,391
293020,2021,329
293030,2021,167
293040,2021,73
293050,2021,761
293060,2021,108
293070,2021,1250
293075,2021,139
293076,2021,90
293077,2021,254
293080,2021,146
293090,2021,92
293100,2021,142
293105,2021,140
293110,2021,44
293120,2021,175
293130,2021,127
293135,2021,1714
293140,2021,35
293150,2021,189
293160,2021,115
293170,2021,53
293180,2021,127
293190,2021,388
293200,2021,192
293210,2021,145
293220,2021,132
293230,2021,134
293240,2021,81
293245,2021,115
293250,2021,156
293260,2021,124
293270,2021,197
293280,2021,165
293290,2021,846
293300,2021,169
293305,2021,84
293310,2021,61
293315,2021,129
293317,2021,81
293320,2021,374
293325,2021,60
293330,2021,3612
293340,2021,58
293345,2021,103
293350,2021,229
293360,2021,601
310010,2021,34
310020,2021,139
310030,2021,117
310040,2021,32
310050,2021,35
310060,2021,98
310070,2021,14
310080,2021,31
310090,2021,201
310100,2021,101
310110,2021,235
310120,2021,44
310130,2021,14
310140,2021,20
310150,2021,233
310160,2021,661
310163,2021,61
310170,2021,382
310180,2021,60
310190,2021,164
310200,2021,100
310205,2021,59
310210,2021,75
310220,2021,37
310230,2021,85
310240,2021,41
310250,2021,32
310260,2021,330
310270,2021,56
310280,2021,76
310285,2021,90
310290,2021,72
310300,2021,65
310310,2021,8
310320,2021,7
310330,2021,12
310340,2021,287
310350,2021,917
310360,2021,22
310370,2021,83
310375,2021,92
310380,2021,14
310390,2021,87
310400,2021,1024
310410,2021,34
310420,2021,339
310430,2021,95
310440,2021,19
310445,2021,42
310450,2021,133
310460,2021,69
310470,2021,97
310480,2021,28
310490,2021,121
310500,2021,51
310510,2021,164
310520,2021,28
310530,2021,56
310540,2021,260
310550,2021,34
310560,2021,937
310570,2021,35
310590,2021,166
310600,2021,83
310610,2021,25
310620,2021,16295
310630,2021,231
310640,2021,58
310650,2021,62
310660,2021,54
310665,2021,40
310670,2021,4057
310680,2021,10
310690,2021,104
310700,2021,17
310710,2021,330
310720,2021,17
310730,2021,436
310740,2021,444
310750,2021,42
310760,2021,39
310770,2021,60
310780,2021,116
310790,2021,100
310800,2021,99
310810,2021,26
310820,2021,30
310825,2021,101
310830,2021,103
310840,2021,91
310850,2021,39
310855,2021,176
310860,2021,362
310870,2021,26
310880,2021,43
310890,2021,108
310900,2021,353
310910,2021,60
310920,2021,63
310925,2021,29
310930,2021,240
310940,2021,213
310945,2021,42
310950,2021,85
310960,2021,22
310970,2021,87
310980,2021,11
310990,2021,72
311000,2021,279
311010,2021,43
311020,2021,34
311030,2021,58
311040,2021,27
311050,2021,180
311060,2021,208
311070,2021,106
311080,2021,20
311090,2021,122
311100,2021,155
311110,2021,104
311115,2021,23
311120,2021,416
311130,2021,79
311140,2021,64
311150,2021,119
311160,2021,188
311170,2021,25
311180,2021,93
311190,2021,33
311200,2021,88
311205,2021,41
311210,2021,57
311220,2021,38
311230,2021,404
311240,2021,54
311250,2021,75
311260,2021,117
311265,2021,29
311270,2021,148
311280,2021,94
311290,2021,85
311300,2021,166
311310,2021,25
311320,2021,176
311330,2021,291
311340,2021,798
311350,2021,62
311360,2021,57
311370,2021,159
311380,2021,24
311390,2021,86
311400,2021,64
311410,2021,96
311420,2021,199
311430,2021,201
311440,2021,158
311450,2021,157
311455,2021,57
311460,2021,39
311470,2021,17
311480,2021,29
311490,2021,13
311500,2021,22
311510,2021,148
311520,2021,22
311530,2021,457
311535,2021,45
311540,2021,23
311545,2021,82
311547,2021,35
311550,2021,147
311560,2021,6
311570,2021,57
311580,2021,92
311590,2021,25
311600,2021,54
311610,2021,60
311615,2021,139
311620,2021,18
311630,2021,29
311640,2021,11
311650,2021,39
311660,2021,261
311670,2021,43
311680,2021,88
311690,2021,18
311700,2021,30
311710,2021,73
311720,2021,20
311730,2021,265
311740,2021,34
311750,2021,190
311760,2021,48
311770,2021,112
311780,2021,79
311783,2021,51
311787,2021,62
311790,2021,80
311800,2021,516
311810,2021,38
311820,2021,36
311830,2021,1097
311840,2021,168
311850,2021,15
311860,2021,5279
311870,2021,61
311880,2021,171
311890,2021,51
311900,2021,24
311910,2021,205
311920,2021,63
311930,2021,223
311940,2021,863
311950,2021,72
311960,2021,15
311970,2021,28
311980,2021,14
311990,2021,20
311995,2021,33
312000,2021,19
312010,2021,30
312015,2021,63
312020,2021,96
312030,2021,78
312040,2021,47
312050,2021,75
312060,2021,29
312070,2021,34
312080,2021,141
312083,2021,56
312087,2021,61
312090,2021,646
312100,2021,43
312110,2021,68
312120,2021,61
312125,2021,99
312130,2021,30
312140,2021,51
312150,2021,15
312160,2021,464
312170,2021,27
312180,2021,26
312190,2021,41
312200,2021,199
312210,2021,40
312220,2021,68
312230,2021,1827
312235,2021,47
312240,2021,51
312245,2021,56
312247,2021,38
312250,2021,38
312260,2021,45
312270,2021,26
312280,2021,20
312290,2021,50
312300,2021,77
312310,2021,43
312320,2021,80
312330,2021,25
312340,2021,9
312350,2021,11
312352,2021,103
312360,2021,221
312370,2021,86
312380,2021,57
312385,2021,49
312390,2021,133
312400,2021,177
312410,2021,724
312420,2021,237
312430,2021,266
312440,2021,70
312450,2021,76
312460,2021,20
312470,2021,12
312480,2021,59
312490,2021,72
312500,2021,41
312510,2021,570
312520,2021,13
312530,2021,25
312540,2021,50
312550,2021,12
312560,2021,65
312570,2021,91
312580,2021,19
312590,2021,46
312595,2021,99
312600,2021,51
312610,2021,478
312620,2021,72
312630,2021,20
312640,2021,30
312650,2021,45
312660,2021,29
312670,2021,176
312675,2021,35
312680,2021,54
312690,2021,73
312695,2021,28
312700,2021,81
312705,2021,35
312707,2021,36
312710,2021,492
312720,2021,23
312730,2021,63
312733,2021,36
312735,2021,14
312737,2021,29
312738,2021,15
312740,2021,33
312750,2021,44
312760,2021,97
312770,2021,2457
312780,2021,91
312790,2021,13
312800,2021,297
312810,2021,78
312820,2021,46
312825,2021,33
312830,2021,182
312840,2021,54
312850,2021,31
312860,2021,58
312870,2021,371
312880,2021,68
312890,2021,75
312900,2021,49
312910,2021,16
312920,2021,52
312930,2021,109
312940,2021,40
312950,2021,159
312960,2021,62
312965,2021,43
312970,2021,91
312980,2021,1630
312990,2021,22
313000,2021,14
313005,2021,80
313010,2021,445
313020,2021,120
313030,2021,48
313040,2021,55
313050,2021,98
313055,2021,54
313060,2021,55
313065,2021,43
313070,2021,46
313080,2021,20
313090,2021,188
313100,2021,43
313110,2021,39
313115,2021,191
313120,2021,165
313130,2021,2042
313140,2021,29
313150,2021,74
313160,2021,58
313170,2021,876
313180,2021,115
313190,2021,515
313200,2021,29
313210,2021,168
313220,2021,124
313230,2021,143
313240,2021,776
313250,2021,329
313260,2021,30
313270,2021,219
313280,2021,15
313290,2021,70
313300,2021,140
313310,2021,125
313320,2021,108
313330,2021,166
313340,2021,71
313350,2021,115
313360,2021,85
313370,2021,89
313375,2021,115
313380,2021,728
313390,2021,36
313400,2021,89
313410,2021,69
313420,2021,767
313430,2021,51
313440,2021,370
313450,2021,27
313460,2021,139
313470,2021,85
313480,2021,54
313490,2021,207
313500,2021,15
313505,2021,406
313507,2021,39
313510,2021,714
313520,2021,646
313530,2021,46
313535,2021,62
313540,2021,35
313545,2021,36
313550,2021,94
313560,2021,47
313570,2021,40
313580,2021,157
313590,2021,40
313600,2021,122
313610,2021,22
313620,2021,600
313630,2021,496
313640,2021,27
313650,2021,73
313652,2021,19
313655,2021,44
313657,2021,31
313660,2021,54
313665,2021,260
313670,2021,3906
313680,2021,33
313690,2021,87
313695,2021,55
313700,2021,104
313710,2021,38
313720,2021,465
313730,2021,25
313740,2021,99
313750,2021,135
313753,2021,67
313760,2021,550
313770,2021,225
313780,2021,159
313790,2021,17
313800,2021,30
313810,2021,66
313820,2021,922
313830,2021,25
313835,2021,37
313840,2021,362
313850,2021,29
313860,2021,120
313862,2021,75
313865,2021,72
313867,2021,85
313868,2021,57
313870,2021,36
313880,2021,147
313890,2021,54
313900,2021,285
313910,2021,44
313920,2021,134
313925,2021,29
313930,2021,193
313940,2021,962
313950,2021,178
313960,2021,266
313970,2021,51
313980,2021,112
313990,2021,115
314000,2021,624
314010,2021,38
314015,2021,138
314020,2021,29
314030,2021,34
314040,2021,19
314050,2021,100
314053,2021,113
314055,2021,65
314060,2021,38
314070,2021,324
314080,2021,90
314085,2021,94
314090,2021,183
314100,2021,108
314110,2021,336
314120,2021,22
314130,2021,34
314140,2021,190
314150,2021,42
314160,2021,63
314170,2021,42
314180,2021,189
314190,2021,23
314200,2021,114
314210,2021,56
314220,2021,109
314225,2021,36
314230,2021,56
314240,2021,77
314250,2021,11
314260,2021,57
314270,2021,123
314280,2021,166
314290,2021,141
314300,2021,81
314310,2021,379
314315,2021,35
314320,2021,158
314330,2021,4080
314340,2021,118
314345,2021,69
314350,2021,75
314360,2021,16
314370,2021,16
314380,2021,44
314390,2021,911
314400,2021,224
314410,2021,185
314420,2021,11
314430,2021,318
314435,2021,88
314437,2021,32
314440,2021,21
314450,2021,49
314460,2021,177
314465,2021,80
314467,2021,30
314470,2021,138
314480,2021,839
314490,2021,27
314500,2021,131
314505,2021,81
314510,2021,176
314520,2021,1259
314530,2021,245
314535,2021,97
314537,2021,45
314540,2021,16
314545,2021,41
314550,2021,18
314560,2021,267
314570,2021,13
314580,2021,13
314585,2021,36
314587,2021,82
314590,2021,349
314600,2021,229
314610,2021,529
314620,2021,72
314625,2021,47
314630,2021,167
314640,2021,14
314650,2021,68
314655,2021,44
314660,2021,10
314670,2021,39
314675,2021,37
314690,2021,120
314700,2021,945
314710,2021,846
314720,2021,186
314730,2021,164
314740,2021,204
314750,2021,9
314760,2021,123
314770,2021,33
314780,2021,12
314790,2021,969
314795,2021,35
314800,2021,1265
314810,2021,842
314820,2021,35
314830,2021,57
314840,2021,37
314850,2021,56
314860,2021,151
314870,2021,172
314875,2021,80
314880,2021,23
314890,2021,23
314900,2021,26
314910,2021,81
314915,2021,74
314920,2021,16
314930,2021,501
314940,2021,8
314950,2021,18
314960,2021,25
314970,2021,131
314980,2021,161
314990,2021,139
314995,2021,71
315000,2021,27
315010,2021,8
315015,2021,120
315020,2021,44
315030,2021,29
315040,2021,29
315050,2021,50
315053,2021,38
315057,2021,71
315060,2021,42
315070,2021,58
315080,2021,102
315090,2021,40
315100,2021,91
315110,2021,104
315120,2021,510
315130,2021,79
315140,2021,215
315150,2021,266
315160,2021,84
315170,2021,102
315180,2021,1244
315190,2021,74
315200,2021,293
315210,2021,500
315213,2021,44
315217,2021,100
315220,2021,329
315230,2021,70
315240,2021,121
315250,2021,1379
315260,2021,46
315270,2021,58
315280,2021,252
315290,2021,61
315300,2021,35
315310,2021,26
315320,2021,27
315330,2021,26
315340,2021,132
315350,2021,80
315360,2021,104
315370,2021,22
315380,2021,9
315390,2021,141
315400,2021,163
315410,2021,59
315415,2021,87
315420,2021,91
315430,2021,151
315440,2021,36
315445,2021,47
315450,2021,81
315460,2021,3095
315470,2021,28
315480,2021,79
315490,2021,75
315500,2021,24
315510,2021,23
315520,2021,30
315530,2021,28
315540,2021,57
315550,2021,119
315560,2021,273
315570,2021,86
315580,2021,142
315590,2021,38
315600,2021,78
315610,2021,23
315620,2021,12
315630,2021,78
315640,2021,27
315645,2021,32
315650,2021,38
315660,2021,50
315670,2021,1052
315680,2021,114
315690,2021,207
315700,2021,341
315710,2021,46
315720,2021,257
315725,2021,71
315727,2021,14
315730,2021,25
315733,2021,62
315737,2021,30
315740,2021,32
315750,2021,33
315760,2021,28
315765,2021,58
315770,2021,161
315780,2021,2029
315790,2021,176
315800,2021,99
315810,2021,38
315820,2021,117
315830,2021,46
315840,2021,22
315850,2021,43
315860,2021,26
315870,2021,15
315880,2021,32
315890,2021,101
315895,2021,573
315900,2021,47
315910,2021,18
315920,2021,30
315930,2021,31
315935,2021,77
315940,2021,24
315950,2021,69
315960,2021,330
315970,2021,29
315980,2021,186
315990,2021,129
316000,2021,24
316010,2021,35
316020,2021,30
316030,2021,71
316040,2021,273
316045,2021,52
316050,2021,12
316060,2021,13
316070,2021,291
316080,2021,52
316090,2021,27
316095,2021,64
316100,2021,118
316105,2021,27
316110,2021,528
316120,2021,38
316130,2021,33
316140,2021,29
316150,2021,82
316160,2021,22
316165,2021,26
316170,2021,46
316180,2021,109
316190,2021,98
316200,2021,237
316210,2021,504
316220,2021,65
316225,2021,46
316230,2021,26
316240,2021,201
316245,2021,175
316250,2021,624
316255,2021,114
316257,2021,49
316260,2021,59
316265,2021,19
316270,2021,173
316280,2021,150
316290,2021,204
316292,2021,305
316294,2021,67
316295,2021,226
316300,2021,53
316310,2021,24
316320,2021,45
316330,2021,33
316340,2021,30
316350,2021,65
316360,2021,25
316370,2021,379
316380,2021,42
316390,2021,32
316400,2021,46
316410,2021,22
316420,2021,65
316430,2021,61
316440,2021,69
316443,2021,23
316447,2021,69
316450,2021,72
316460,2021,108
316470,2021,568
316480,2021,11
316490,2021,17
316500,2021,72
316510,2021,59
316520,2021,41
316530,2021,59
316540,2021,53
316550,2021,54
316553,2021,348
316555,2021,103
316556,2021,11
316557,2021,87
316560,2021,22
316570,2021,48
316580,2021,15
316590,2021,21
316600,2021,29
316610,2021,13
316620,2021,68
316630,2021,86
316640,2021,11
316650,2021,36
316660,2021,3
316670,2021,76
316680,2021,133
316690,2021,67
316695,2021,26
316700,2021,16
316710,2021,177
316720,2021,1791
316730,2021,24
316740,2021,32
316750,2021,24
316760,2021,205
316770,2021,48
316780,2021,48
316790,2021,22
316800,2021,331
316805,2021,36
316810,2021,40
316820,2021,9
316830,2021,24
316840,2021,98
316850,2021,78
316860,2021,1247
316870,2021,605
316880,2021,56
316890,2021,70
316900,2021,98
316905,2021,20
316910,2021,47
316920,2021,58
316930,2021,675
316935,2021,229
316940,2021,506
316950,2021,54
316960,2021,159
316970,2021,172
316980,2021,51
316990,2021,868
317000,2021,117
317005,2021,95
317010,2021,2670
317020,2021,6276
317030,2021,26
317040,2021,857
317043,2021,17
317047,2021,26
317050,2021,112
317052,2021,69
317057,2021,50
317060,2021,14
317065,2021,42
317070,2021,1167
317075,2021,82
317080,2021,318
317090,2021,188
317100,2021,178
317103,2021,89
317107,2021,50
317110,2021,29
317115,2021,33
317120,2021,1193
317130,2021,619
317140,2021,18
317150,2021,33
317160,2021,90
317170,2021,61
317180,2021,84
317190,2021,37
317200,2021,327
317210,2021,31
317220,2021,17
320010,2021,290
320013,2021,86
320016,2021,115
320020,2021,246
320030,2021,102
320035,2021,69
320040,2021,252
320050,2021,57
320060,2021,1027
320070,2021,109
320080,2021,270
320090,2021,444
320100,2021,116
320110,2021,84
320115,2021,143
320120,2021,1779
320130,2021,3632
320140,2021,286
320150,2021,1024
320160,2021,266
320170,2021,128
320180,2021,47
320190,2021,318
320200,2021,62
320210,2021,184
320220,2021,182
320225,2021,90
320230,2021,289
320240,2021,1279
320245,2021,269
320250,2021,104
320255,2021,85
320260,2021,92
320265,2021,134
320270,2021,105
320280,2021,394
320290,2021,69
320300,2021,323
320305,2021,311
320310,2021,101
320313,2021,111
320316,2021,67
320320,2021,1812
320330,2021,122
320332,2021,383
320334,2021,173
320335,2021,100
320340,2021,206
320350,2021,180
320360,2021,64
320370,2021,144
320380,2021,121
320390,2021,443
320400,2021,166
320405,2021,281
320410,2021,225
320420,2021,228
320425,2021,68
320430,2021,135
320435,2021,204
320440,2021,77
320450,2021,83
320455,2021,528
320460,2021,206
320465,2021,75
320470,2021,279
320480,2021,91
320490,2021,1318
320495,2021,87
320500,2021,5164
320501,2021,317
320503,2021,181
320506,2021,235
320510,2021,716
320515,2021,84
320517,2021,153
320520,2021,4071
320530,2021,2542
330010,2021,1519
330015,2021,94
330020,2021,1151
330022,2021,92
330023,2021,496
330025,2021,278
330030,2021,709
330040,2021,1337
330045,2021,4464
330050,2021,237
330060,2021,357
330070,2021,1835
330080,2021,471
330090,2021,96
330093,2021,81
330095,2021,81
330100,2021,4705
330110,2021,144
330115,2021,93
330120,2021,143
330130,2021,393
330140,2021,171
330150,2021,153
330160,2021,39
330170,2021,8105
330180,2021,80
330185,2021,476
330187,2021,214
330190,2021,1954
330200,2021,1126
330205,2021,142
330210,2021,165
330220,2021,803
330225,2021,245
330227,2021,891
330230,2021,69
330240,2021,2410
330245,2021,55
330250,2021,2326
330260,2021,335
330270,2021,1377
330280,2021,126
330285,2021,1491
330290,2021,185
330300,2021,247
330310,2021,117
330320,2021,1019
330330,2021,3506
330340,2021,1381
330350,2021,7649
330360,2021,400
330370,2021,354
330380,2021,384
330385,2021,250
330390,2021,2345
330395,2021,214
330400,2021,239
330410,2021,145
330411,2021,184
330412,2021,89
330414,2021,1475
330415,2021,214
330420,2021,1170
330430,2021,491
330440,2021,138
330450,2021,70
330452,2021,1306
330455,2021,46601
330460,2021,62
330470,2021,325
330475,2021,412
330480,2021,301
330490,2021,6666
330500,2021,405
330510,2021,3658
330513,2021,85
330515,2021,205
330520,2021,1200
330530,2021,63
330540,2021,131
330550,2021,811
330555,2021,769
330560,2021,181
330570,2021,156
330575,2021,286
330580,2021,1433
330590,2021,69
330600,2021,711
330610,2021,535
330615,2021,99
330620,2021,333
330630,2021,2091
350010,2021,246
350020,2021,27
350030,2021,272
350040,2021,36
350050,2021,157
350055,2021,48
350060,2021,22
350070,2021,352
350075,2021,52
350080,2021,34
350090,2021,32
350100,2021,126
350110,2021,23
350115,2021,160
350120,2021,21
350130,2021,208
350140,2021,21
350150,2021,27
350160,2021,1679
350170,2021,302
350180,2021,43
350190,2021,549
350200,2021,31
350210,2021,462
350220,2021,249
350230,2021,48
350240,2021,31
350250,2021,255
350260,2021,30
350270,2021,218
350275,2021,231
350280,2021,1515
350290,2021,242
350300,2021,46
350310,2021,61
350315,2021,11
350320,2021,1833
350330,2021,1006
350335,2021,14
350340,2021,60
350350,2021,38
350360,2021,91
350370,2021,67
350380,2021,438
350390,2021,952
350395,2021,19
350400,2021,733
350410,2021,1384
350420,2021,99
350430,2021,47
350440,2021,100
350450,2021,790
350460,2021,269
350470,2021,8
350480,2021,58
350490,2021,59
350500,2021,37
350510,2021,55
350520,2021,247
350530,2021,210
350535,2021,51
350540,2021,54
350550,2021,1039
350560,2021,263
350570,2021,3609
350580,2021,199
350590,2021,497
350600,2021,2972
350610,2021,543
350620,2021,24
350630,2021,71
350635,2021,686
350640,2021,37
350650,2021,886
350660,2021,271
350670,2021,129
350680,2021,88
350690,2021,75
350700,2021,548
350710,2021,213
350715,2021,47
350720,2021,6
350730,2021,49
350740,2021,81
350745,2021,23
350750,2021,1125
350760,2021,1493
350770,2021,49
350775,2021,17
350780,2021,215
350790,2021,191
350800,2021,181
350810,2021,105
350820,2021,24
350830,2021,22
350840,2021,559
350850,2021,819
350860,2021,220
350870,2021,130
350880,2021,145
350890,2021,37
350900,2021,908
350910,2021,21
350920,2021,952
350925,2021,296
350930,2021,66
350940,2021,233
350945,2021,43
350950,2021,8932
350960,2021,644
350970,2021,453
350980,2021,43
350990,2021,121
350995,2021,60
351000,2021,234
351010,2021,15
351015,2021,61
351020,2021,461
351030,2021,190
351040,2021,436
351050,2021,1125
351060,2021,4050
351070,2021,63
351080,2021,163
351090,2021,8
351100,2021,164
351110,2021,827
351120,2021,52
351130,2021,97
351140,2021,166
351150,2021,327
351160,2021,173
351170,2021,138
351190,2021,59
351200,2021,165
351210,2021,62
351220,2021,264
351230,2021,138
351240,2021,182
351250,2021,30
351260,2021,33
351270,2021,26
351280,2021,471
351290,2021,57
351300,2021,2615
351310,2021,263
351320,2021,94
351330,2021,15
351340,2021,616
351350,2021,981
351360,2021,156
351370,2021,230
351380,2021,3197
351385,2021,13
351390,2021,77
351400,2021,63
351410,2021,191
351420,2021,20
351430,2021,63
351440,2021,286
351450,2021,99
351460,2021,78
351470,2021,48
351480,2021,137
351490,2021,135
351492,2021,21
351495,2021,15
351500,2021,2553
351510,2021,568
351512,2021,15
351515,2021,188
351518,2021,268
351519,2021,48
351520,2021,70
351530,2021,13
351535,2021,61
351540,2021,153
351550,2021,539
351560,2021,39
351565,2021,13
351570,2021,1776
351580,2021,10
351590,2021,10
351600,2021,64
351610,2021,16
351620,2021,3008
351630,2021,1891
351640,2021,1457
351650,2021,19
351660,2021,42
351670,2021,350
351680,2021,23
351685,2021,42
351690,2021,63
351700,2021,59
351710,2021,39
351720,2021,92
351730,2021,47
351740,2021,300
351750,2021,184
351760,2021,149
351770,2021,131
351780,2021,46
351790,2021,72
351800,2021,11
351810,2021,50
351820,2021,231
351830,2021,288
351840,2021,982
351850,2021,93
351860,2021,291
351870,2021,2726
351880,2021,12907
351885,2021,48
351890,2021,33
351900,2021,92
351905,2021,140
351907,2021,2004
351910,2021,94
351920,2021,38
351925,2021,46
351930,2021,325
351940,2021,89
351950,2021,61
351960,2021,532
351970,2021,672
351980,2021,59
351990,2021,70
352000,2021,165
352010,2021,203
352020,2021,91
352030,2021,192
352040,2021,329
352042,2021,72
352044,2021,180
352050,2021,2198
352060,2021,40
352070,2021,25
352080,2021,26
352090,2021,119
352100,2021,245
352110,2021,62
352115,2021,52
352120,2021,44
352130,2021,123
352140,2021,167
352150,2021,51
352160,2021,39
352170,2021,177
352180,2021,200
352190,2021,139
352200,2021,32
352210,2021,907
352215,2021,30
352220,2021,1602
352230,2021,1368
352240,2021,962
352250,2021,2581
352260,2021,500
352265,2021,34
352270,2021,297
352280,2021,110
352290,2021,160
352300,2021,24
352310,2021,3639
352320,2021,408
352330,2021,111
352340,2021,933
352350,2021,187
352360,2021,121
352370,2021,57
352380,2021,61
352390,2021,1503
352400,2021,611
352410,2021,273
352420,2021,34
352430,2021,525
352440,2021,1868
352450,2021,62
352460,2021,158
352470,2021,519
352480,2021,351
352490,2021,51
352500,2021,1092
352510,2021,380
352520,2021,316
352530,2021,965
352540,2021,49
352550,2021,84
352560,2021,34
352570,2021,323
352580,2021,45
352585,2021,33
352590,2021,3855
352600,2021,152
352610,2021,147
352620,2021,247
352630,2021,40
352640,2021,255
352650,2021,22
352660,2021,66
352670,2021,730
352680,2021,595
352690,2021,2299
352700,2021,63
352710,2021,580
352720,2021,804
352725,2021,12
352730,2021,525
352740,2021,128
352750,2021,23
352760,2021,133
352770,2021,48
352780,2021,31
352790,2021,28
352800,2021,149
352810,2021,38
352820,2021,33
352830,2021,15
352840,2021,451
352850,2021,717
352860,2021,77
352870,2021,26
352880,2021,110
352885,2021,20
352890,2021,25
352900,2021,1991
352910,2021,12
352920,2021,197
352930,2021,568
352940,2021,3286
352950,2021,43
352960,2021,26
352965,2021,17
352970,2021,154
352980,2021,82
352990,2021,200
353000,2021,24
353010,2021,167
353020,2021,121
353030,2021,498
353040,2021,52
353050,2021,509
353060,2021,4117
353070,2021,1192
353080,2021,686
353090,2021,40
353100,2021,13
353110,2021,520
353120,2021,49
353130,2021,302
353140,2021,142
353150,2021,150
353160,2021,27
353170,2021,24
353180,2021,661
353190,2021,226
353200,2021,104
353205,2021,23
353210,2021,23
353215,2021,24
353220,2021,60
353230,2021,37
353240,2021,167
353250,2021,56
353260,2021,49
353270,2021,40
353280,2021,67
353282,2021,91
353284,2021,6
353286,2021,4
353290,2021,83
353300,2021,174
353310,2021,14
353320,2021,35
353325,2021,38
353330,2021,16
353340,2021,462
353350,2021,303
353360,2021,66
353370,2021,43
353380,2021,23
353390,2021,458
353400,2021,47
353410,2021,43
353420,2021,56
353430,2021,323
353440,2021,5825
353450,2021,12
353460,2021,216
353470,2021,852
353475,2021,55
353480,2021,72
353490,2021,66
353500,2021,101
353510,2021,84
353520,2021,55
353530,2021,158
353540,2021,131
353550,2021,331
353560,2021,145
353570,2021,36
353580,2021,200
353590,2021,30
353600,2021,78
353610,2021,55
353620,2021,181
353625,2021,19
353630,2021,128
353640,2021,79
353650,2021,926
353657,2021,17
353660,2021,47
353670,2021,389
353680,2021,58
353690,2021,21
353700,2021,144
353710,2021,317
353715,2021,12
353720,2021,66
353730,2021,484
353740,2021,182
353750,2021,71
353760,2021,603
353770,2021,27
353780,2021,475
353790,2021,287
353800,2021,1583
353810,2021,99
353820,2021,109
353830,2021,25
353850,2021,87
353860,2021,212
353870,2021,3369
353880,2021,222
353890,2021,128
353900,2021,74
353910,2021,171
353920,2021,193
353930,2021,548
353940,2021,95
353950,2021,310
353960,2021,44
353970,2021,17
353980,2021,896
353990,2021,49
354000,2021,135
354010,2021,15
354020,2021,340
354025,2021,29
354030,2021,21
354040,2021,21
354050,2021,63
354060,2021,457
354070,2021,393
354075,2021,167
354080,2021,143
354085,2021,6
354090,2021,124
354100,2021,2976
354105,2021,62
354110,2021,25
354120,2021,71
354130,2021,313
354140,2021,1777
354150,2021,236
354160,2021,261
354165,2021,32
354170,2021,97
354180,2021,36
354190,2021,77
354200,2021,68
354210,2021,95
354220,2021,225
354230,2021,31
354240,2021,126
354250,2021,30
354260,2021,549
354270,2021,66
354280,2021,35
354290,2021,84
354300,2021,187
354310,2021,38
354320,2021,35
354323,2021,12
354325,2021,65
354330,2021,786
354340,2021,5400
354350,2021,36
354360,2021,31
354370,2021,74
354380,2021,45
354390,2021,1615
354400,2021,259
354410,2021,372
354420,2021,96
354425,2021,143
354430,2021,72
354440,2021,23
354450,2021,23
354460,2021,33
354470,2021,19
354480,2021,21
354490,2021,63
354500,2021,146
354510,2021,39
354515,2021,56
354520,2021,1191
354530,2021,345
354540,2021,81
354550,2021,34
354560,2021,108
354570,2021,52
354580,2021,1467
354600,2021,97
354610,2021,23
354620,2021,24
354625,2021,14
354630,2021,255
354640,2021,371
354650,2021,57
354660,2021,301
354670,2021,221
354680,2021,463
354690,2021,49
354700,2021,47
354710,2021,23
354720,2021,16
354730,2021,1551
354740,2021,13
354750,2021,134
354760,2021,138
354765,2021,11
354770,2021,143
354780,2021,5495
354790,2021,64
354800,2021,194
354805,2021,71
354810,2021,33
354820,2021,69
354830,2021,24
354840,2021,34
354850,2021,2586
354860,2021,84
354870,2021,5938
354880,2021,871
354890,2021,1975
354900,2021,14
354910,2021,640
354920,2021,7
354925,2021,18
354930,2021,9
354940,2021,351
354950,2021,58
354960,2021,30
354970,2021,392
354980,2021,3684
354990,2021,5959
354995,2021,121
355000,2021,69
355010,2021,334
355020,2021,265
355030,2021,92979
355040,2021,286
355050,2021,62
355060,2021,623
355070,2021,869
355080,2021,50
355090,2021,92
355100,2021,2727
355110,2021,77
355120,2021,36
355130,2021,25
355140,2021,92
355150,2021,378
355160,2021,188
355170,2021,1048
355180,2021,147
355190,2021,119
355200,2021,48
355210,2021,258
355220,2021,6205
355230,2021,60
355240,2021,2445
355250,2021,3041
355255,2021,36
355260,2021,66
355270,2021,128
355280,2021,2475
355290,2021,66
355300,2021,135
355310,2021,43
355320,2021,25
355330,2021,184
355340,2021,185
355350,2021,66
355360,2021,61
355365,2021,12
355370,2021,384
355380,2021,224
355385,2021,72
355390,2021,52
355395,2021,127
355400,2021,1087
355410,2021,2457
355420,2021,36
355430,2021,207
355440,2021,57
355450,2021,310
355460,2021,14
355465,2021,18
355470,2021,68
355475,2021,20
355480,2021,301
355490,2021,51
355495,2021,43
355500,2021,464
355510,2021,85
355520,2021,8
355530,2021,9
355535,2021,46
355540,2021,930
355550,2021,55
355560,2021,76
355570,2021,15
355580,2021,53
355590,2021,10
355600,2021,84
355610,2021,109
355620,2021,860
355630,2021,205
355635,2021,85
355640,2021,374
355645,2021,488
355650,2021,885
355660,2021,49
355670,2021,533
355680,2021,150
355690,2021,74
355695,2021,12
355700,2021,1117
355710,2021,813
355715,2021,18
355720,2021,113
355730,2021,86
410010,2021,59
410020,2021,50
410030,2021,103
410040,2021,1191
410045,2021,41
410050,2021,160
410060,2021,109
410070,2021,78
410080,2021,71
410090,2021,40
410100,2021,201
410105,2021,26
410110,2021,138
410115,2021,32
410120,2021,161
410130,2021,52
410140,2021,1110
410150,2021,1055
410160,2021,236
410165,2021,34
410170,2021,143
410180,2021,1484
410185,2021,18
410190,2021,94
410200,2021,327
410210,2021,222
410220,2021,18
410230,2021,115
410240,2021,257
410250,2021,77
410260,2021,74
410270,2021,21
410275,2021,26
410280,2021,119
410290,2021,176
410300,2021,44
410302,2021,12
410304,2021,53
410305,2021,63
410310,2021,132
410315,2021,32
410320,2021,60
410322,2021,25
410330,2021,53
410335,2021,38
410337,2021,28
410340,2021,12
410345,2021,250
410347,2021,45
410350,2021,91
410360,2021,197
410370,2021,896
410380,2021,73
410390,2021,170
410395,2021,46
410400,2021,483
410405,2021,25
410410,2021,83
410420,2021,1099
410425,2021,284
410430,2021,923
410440,2021,129
410442,2021,132
410445,2021,131
410450,2021,185
410460,2021,147
410465,2021,246
410470,2021,128
410480,2021,3657
410490,2021,814
410500,2021,103
410510,2021,55
410520,2021,141
410530,2021,93
410540,2021,214
410550,2021,766
410560,2021,123
410570,2021,175
410580,2021,2273
410590,2021,207
410600,2021,65
410610,2021,37
410620,2021,139
410630,2021,194
410640,2021,341
410645,2021,75
410650,2021,249
410655,2021,31
410657,2021,32
410660,2021,216
410670,2021,37
410680,2021,133
410685,2021,34
410690,2021,12965
410700,2021,115
410710,2021,30
410712,2021,31
410715,2021,38
410720,2021,467
410725,2021,82
410730,2021,49
410740,2021,56
410750,2021,97
410752,2021,20
410753,2021,35
410754,2021,39
410755,2021,21
410760,2021,134
410765,2021,1547
410770,2021,28
410773,2021,57
410775,2021,71
410780,2021,33
410785,2021,47
410790,2021,90
410800,2021,93
410810,2021,22
410820,2021,73
410830,2021,2831
410832,2021,94
410840,2021,949
410845,2021,48
410850,2021,117
410855,2021,10
410860,2021,235
410865,2021,61
410870,2021,45
410880,2021,348
410890,2021,64
410895,2021,75
410900,2021,41
410910,2021,15
410920,2021,26
410930,2021,106
410940,2021,1916
410950,2021,74
410960,2021,353
410965,2021,42
410970,2021,263
410975,2021,54
410980,2021,420
410990,2021,74
411000,2021,42
411005,2021,14
411007,2021,128
411010,2021,352
411020,2021,116
411030,2021,19
411040,2021,46
411050,2021,131
411060,2021,159
411065,2021,20
411070,2021,526
411080,2021,77
411090,2021,49
411095,2021,119
411100,2021,42
411110,2021,49
411120,2021,99
411125,2021,346
411130,2021,32
411140,2021,129
411150,2021,239
411155,2021,51
411160,2021,18
411170,2021,37
411180,2021,417
411190,2021,140
411200,2021,347
411210,2021,195
411220,2021,45
411230,2021,55
411240,2021,59
411250,2021,95
411260,2021,15
411270,2021,113
411275,2021,54
411280,2021,118
411290,2021,32
411295,2021,89
411300,2021,48
411310,2021,29
411320,2021,393
411325,2021,49
411330,2021,317
411340,2021,24
411342,2021,32
411345,2021,43
411350,2021,224
411360,2021,35
411370,2021,4371
411373,2021,61
411375,2021,23
411380,2021,46
411390,2021,101
411400,2021,137
411410,2021,331
411420,2021,336
411430,2021,255
411435,2021,20
411440,2021,204
411450,2021,125
411460,2021,578
411470,2021,47
411480,2021,351
411490,2021,61
411500,2021,67
411510,2021,83
411520,2021,3235
411530,2021,63
411535,2021,47
411540,2021,164
411545,2021,33
411550,2021,29
411560,2021,204
411570,2021,345
411573,2021,33
411575,2021,124
411580,2021,555
411585,2021,40
411590,2021,20
411600,2021,9
411605,2021,92
411610,2021,87
411620,2021,144
411630,2021,43
411640,2021,33
411650,2021,16
411660,2021,28
411670,2021,97
411680,2021,64
411690,2021,214
411695,2021,34
411700,2021,58
411705,2021,111
411710,2021,107
411720,2021,49
411721,2021,36
411722,2021,80
411725,2021,81
411727,2021,59
411729,2021,25
411730,2021,247
411740,2021,20
411745,2021,62
411750,2021,460
411760,2021,531
411770,2021,335
411780,2021,129
411790,2021,375
411800,2021,134
411810,2021,90
411820,2021,1504
411830,2021,18
411840,2021,836
411845,2021,52
411850,2021,926
411860,2021,52
411870,2021,38
411880,2021,107
411885,2021,67
411890,2021,104
411900,2021,47
411910,2021,134
411915,2021,1118
411920,2021,68
411925,2021,22
411930,2021,339
411940,2021,193
411950,2021,1065
411960,2021,361
411965,2021,28
411970,2021,34
411980,2021,86
411990,2021,3454
411995,2021,235
412000,2021,71
412010,2021,21
412015,2021,21
412020,2021,34
412030,2021,32
412033,2021,32
412035,2021,58
412040,2021,28
412050,2021,70
412060,2021,437
412065,2021,33
412070,2021,69
412080,2021,233
412085,2021,34
412090,2021,319
412100,2021,125
412110,2021,51
412120,2021,171
412125,2021,42
412130,2021,22
412135,2021,18
412140,2021,168
412150,2021,126
412160,2021,72
412170,2021,253
412175,2021,78
412180,2021,104
412190,2021,114
412200,2021,135
412210,2021,18
412215,2021,151
412217,2021,34
412220,2021,378
412230,2021,252
412240,2021,590
412250,2021,110
412260,2021,78
412265,2021,41
412270,2021,88
412280,2021,45
412290,2021,40
412300,2021,131
412310,2021,38
412320,2021,34
412330,2021,76
412340,2021,108
412350,2021,231
412360,2021,14
412370,2021,69
412380,2021,120
412382,2021,35
412385,2021,104
412390,2021,100
412395,2021,27
412400,2021,37
412402,2021,138
412405,2021,259
412410,2021,401
412420,2021,20
412430,2021,10
412440,2021,163
412450,2021,67
412460,2021,60
412470,2021,102
412480,2021,106
412490,2021,68
412500,2021,76
412510,2021,127
412520,2021,91
412530,2021,31
412535,2021,72
412540,2021,48
412545,2021,29
412550,2021,3190
412555,2021,22
412560,2021,424
412570,2021,300
412575,2021,51
412580,2021,79
412590,2021,25
412600,2021,49
412610,2021,45
412620,2021,70
412625,2021,1118
412627,2021,65
412630,2021,168
412635,2021,44
412640,2021,39
412650,2021,125
412660,2021,223
412665,2021,30
412667,2021,101
412670,2021,45
412680,2021,101
412690,2021,46
412700,2021,74
412710,2021,713
412720,2021,170
412730,2021,140
412740,2021,168
412750,2021,197
412760,2021,158
412770,2021,1452
412780,2021,66
412785,2021,107
412788,2021,75
412790,2021,79
412795,2021,49
412796,2021,156
412800,2021,240
412810,2021,1126
412820,2021,557
412830,2021,20
412840,2021,70
412850,2021,172
412853,2021,86
412855,2021,61
412860,2021,64
412862,2021,27
412863,2021,42
412865,2021,24
412870,2021,94
412880,2021,57
420005,2021,18
420010,2021,216
420020,2021,103
420030,2021,64
420040,2021,57
420050,2021,59
420055,2021,25
420060,2021,69
420070,2021,70
420075,2021,13
420080,2021,56
420090,2021,36
420100,2021,69
420110,2021,45
420120,2021,114
420125,2021,75
420127,2021,27
420130,2021,480
420140,2021,642
420150,2021,81
420160,2021,24
420165,2021,14
420170,2021,92
420180,2021,34
420190,2021,71
420195,2021,131
420200,2021,1159
420205,2021,123
420207,2021,117
420208,2021,17
420209,2021,14
420210,2021,403
420213,2021,36
420215,2021,28
420220,2021,75
420230,2021,686
420240,2021,3092
420243,2021,31
420245,2021,231
420250,2021,21
420253,2021,25
420257,2021,25
420260,2021,78
420270,2021,52
420280,2021,440
420285,2021,34
420287,2021,17
420290,2021,1511
420300,2021,786
420310,2021,41
420315,2021,40
420320,2021,1091
420325,2021,22
420330,2021,89
420340,2021,65
420350,2021,108
420360,2021,361
420370,2021,112
420380,2021,548
420390,2021,241
420395,2021,218
420400,2021,113
420410,2021,35
420415,2021,18
420417,2021,33
420419,2021,22
420420,2021,2676
420425,2021,157
420430,2021,793
420435,2021,43
420440,2021,85
420445,2021,15
420450,2021,125
420455,2021,139
420460,2021,1980
420470,2021,104
420475,2021,15
420480,2021,422
420490,2021,63
420500,2021,121
420510,2021,36
420515,2021,23
420517,2021,37
420519,2021,24
420520,2021,37
420530,2021,125
420535,2021,13
420540,2021,3969
420543,2021,34
420545,2021,348
420550,2021,369
420555,2021,16
420560,2021,25
420570,2021,237
420580,2021,218
420590,2021,681
420600,2021,125
420610,2021,69
420620,2021,104
420630,2021,222
420640,2021,74
420650,2021,480
420660,2021,42
420665,2021,84
420670,2021,194
420675,2021,10
420680,2021,24
420690,2021,170
420700,2021,506
420710,2021,139
420720,2021,69
420730,2021,444
420740,2021,43
420750,2021,742
420757,2021,9
420760,2021,34
420765,2021,98
420768,2021,86
420770,2021,82
420775,2021,29
420780,2021,86
420785,2021,11
420790,2021,97
420800,2021,59
420810,2021,235
420820,2021,2657
420830,2021,735
420840,2021,194
420845,2021,261
420850,2021,305
420860,2021,42
420870,2021,97
420880,2021,213
420890,2021,1734
420895,2021,14
420900,2021,267
420910,2021,5488
420915,2021,82
420917,2021,36
420920,2021,18
420930,2021,1495
420940,2021,341
420945,2021,16
420950,2021,70
420960,2021,129
420970,2021,115
420980,2021,31
420985,2021,39
420990,2021,115
421000,2021,145
421003,2021,51
421005,2021,15
421010,2021,545
421020,2021,30
421030,2021,38
421040,2021,63
421050,2021,289
421055,2021,16
421060,2021,189
421070,2021,15
421080,2021,53
421085,2021,15
421090,2021,41
421100,2021,96
421105,2021,100
421110,2021,82
421120,2021,161
421125,2021,18
421130,2021,1062
421140,2021,46
421145,2021,30
421150,2021,93
421160,2021,112
421165,2021,18
421170,2021,224
421175,2021,181
421180,2021,51
421185,2021,12
421187,2021,19
421189,2021,18
421190,2021,2058
421200,2021,71
421205,2021,25
421210,2021,123
421220,2021,199
421223,2021,48
421225,2021,79
421227,2021,42
421230,2021,84
421240,2021,21
421250,2021,308
421260,2021,24
421265,2021,65
421270,2021,61
421280,2021,269
421290,2021,233
421300,2021,40
421310,2021,43
421315,2021,28
421320,2021,280
421330,2021,37
421335,2021,35
421340,2021,104
421350,2021,256
421360,2021,260
421370,2021,179
421380,2021,64
421390,2021,17
421400,2021,215
421410,2021,16
421415,2021,22
421420,2021,116
421430,2021,23
421440,2021,53
421450,2021,61
421460,2021,60
421470,2021,88
421480,2021,649
421490,2021,56
421500,2021,388
421505,2021,13
421507,2021,37
421510,2021,101
421520,2021,36
421530,2021,59
421535,2021,30
421540,2021,48
421545,2021,131
421550,2021,179
421555,2021,21
421560,2021,16
421565,2021,85
421567,2021,75
421568,2021,25
421569,2021,18
421570,2021,251
421575,2021,30
421580,2021,743
421590,2021,18
421600,2021,91
421605,2021,63
421610,2021,92
421620,2021,463
421625,2021,52
421630,2021,341
421635,2021,45
421640,2021,65
421650,2021,228
421660,2021,2312
421670,2021,115
421680,2021,60
421690,2021,255
421700,2021,146
421710,2021,43
421715,2021,16
421720,2021,345
421725,2021,27
421730,2021,80
421740,2021,193
421750,2021,178
421755,2021,31
421760,2021,101
421770,2021,270
421775,2021,27
421780,2021,203
421790,2021,58
421795,2021,19
421800,2021,501
421810,2021,36
421820,2021,342
421825,2021,86
421830,2021,222
421835,2021,33
421840,2021,73
421850,2021,99
421860,2021,51
421870,2021,978
421875,2021,46
421880,2021,120
421885,2021,20
421890,2021,101
421895,2021,24
421900,2021,146
421910,2021,34
421915,2021,18
421917,2021,49
421920,2021,58
421930,2021,597
421935,2021,62
421940,2021,39
421950,2021,477
421960,2021,14
421970,2021,329
421985,2021,48
422000,2021,151
430003,2021,35
430005,2021,40
430010,2021,96
430020,2021,37
430030,2021,40
430040,2021,600
430045,2021,13
430047,2021,12
430050,2021,39
430055,2021,15
430057,2021,14
430060,2021,1772
430063,2021,22
430064,2021,69
430066,2021,10
430070,2021,31
430080,2021,96
430085,2021,25
430087,2021,82
430090,2021,36
430100,2021,206
430105,2021,89
430107,2021,24
430110,2021,96
430120,2021,91
430130,2021,116
430140,2021,82
430150,2021,47
430155,2021,22
430160,2021,987
430163,2021,103
430165,2021,44
430170,2021,48
430175,2021,40
430180,2021,47
430185,2021,35
430187,2021,28
430190,2021,95
430192,2021,5
430195,2021,18
430200,2021,82
430205,2021,27
430210,2021,1092
430215,2021,24
430220,2021,52
430222,2021,11
430223,2021,27
430225,2021,15
430230,2021,112
430235,2021,125
430237,2021,17
430240,2021,104
430245,2021,53
430250,2021,42
430258,2021,15
430260,2021,31
430265,2021,52
430270,2021,128
430280,2021,267
430290,2021,86
430300,2021,634
430310,2021,1185
430320,2021,41
430330,2021,37
430340,2021,27
430350,2021,505
430355,2021,24
430360,2021,44
430367,2021,17
430370,2021,39
430380,2021,31
430390,2021,543
430400,2021,48
430410,2021,30
430420,2021,218
430430,2021,48
430435,2021,90
430440,2021,448
430450,2021,379
430460,2021,2970
430461,2021,13
430462,2021,12
430463,2021,610
430465,2021,19
430466,2021,216
430467,2021,35
430468,2021,90
430469,2021,32
430470,2021,532
430471,2021,42
430480,2021,214
430485,2021,6
430490,2021,61
430495,2021,13
430500,2021,54
430510,2021,3599
430511,2021,24
430512,2021,35
430513,2021,22
430515,2021,16
430517,2021,67
430520,2021,91
430530,2021,63
430535,2021,225
430537,2021,21
430540,2021,25
430543,2021,18
430544,2021,38
430545,2021,138
430550,2021,26
430558,2021,13
430560,2021,21
430570,2021,56
430580,2021,80
430583,2021,5
430585,2021,27
430587,2021,14
430590,2021,54
430593,2021,5
430595,2021,15
430597,2021,23
430600,2021,87
430605,2021,65
430607,2021,17
430610,2021,569
430613,2021,11
430620,2021,93
430630,2021,24
430632,2021,26
430635,2021,13
430637,2021,18
430640,2021,215
430642,2021,16
430645,2021,13
430650,2021,80
430655,2021,18
430660,2021,254
430670,2021,18
430673,2021,25
430675,2021,7
430676,2021,385
430680,2021,164
430690,2021,166
430692,2021,12
430693,2021,71
430695,2021,14
430697,2021,20
430700,2021,870
430705,2021,21
430710,2021,56
430720,2021,45
430730,2021,69
430740,2021,21
430745,2021,21
430750,2021,114
430755,2021,28
430760,2021,374
430770,2021,649
430780,2021,293
430781,2021,21
430783,2021,14
430786,2021,10
430790,2021,538
430800,2021,48
430805,2021,22
430807,2021,37
430810,2021,105
430820,2021,267
430825,2021,7
430830,2021,64
430840,2021,44
430843,2021,13
430845,2021,42
430850,2021,298
430860,2021,270
430865,2021,26
430870,2021,34
430880,2021,53
430885,2021,13
430890,2021,145
430900,2021,111
430905,2021,67
430910,2021,352
430912,2021,21
430915,2021,26
430920,2021,2189
430925,2021,5
430930,2021,762
430940,2021,224
430950,2021,49
430955,2021,44
430957,2021,12
430960,2021,145
430965,2021,44
430970,2021,22
430975,2021,24
430980,2021,35
430990,2021,39
430995,2021,38
431000,2021,180
431010,2021,352
431020,2021,690
431030,2021,20
431033,2021,190
431036,2021,15
431040,2021,37
431041,2021,19
431043,2021,40
431046,2021,11
431050,2021,59
431053,2021,37
431055,2021,22
431057,2021,18
431060,2021,334
431065,2021,27
431070,2021,18
431075,2021,11
431080,2021,129
431085,2021,31
431087,2021,19
431090,2021,18
431100,2021,230
431110,2021,65
431112,2021,36
431113,2021,16
431115,2021,37
431120,2021,138
431123,2021,17
431125,2021,40
431127,2021,10
431130,2021,247
431140,2021,834
431142,2021,20
431150,2021,43
431160,2021,45
431162,2021,45
431164,2021,7
431170,2021,46
431171,2021,37
431173,2021,35
431175,2021,38
431177,2021,58
431179,2021,20
431180,2021,399
431190,2021,27
431198,2021,29
431200,2021,11
431205,2021,21
431210,2021,22
431213,2021,34
431215,2021,30
431217,2021,9
431220,2021,22
431225,2021,60
431230,2021,43
431235,2021,9
431237,2021,25
431238,2021,14
431240,2021,563
431242,2021,23
431244,2021,27
431245,2021,34
431247,2021,37
431250,2021,95
431260,2021,24
431261,2021,21
431262,2021,21
431265,2021,164
431267,2021,23
431270,2021,144
431275,2021,38
431280,2021,59
431290,2021,55
431295,2021,13
431300,2021,13
431301,2021,18
431303,2021,30
431306,2021,179
431308,2021,13
431310,2021,30
431320,2021,156
431330,2021,179
431333,2021,22
431335,2021,20
431337,2021,297
431339,2021,29
431340,2021,1956
431342,2021,22
431344,2021,15
431346,2021,12
431349,2021,33
431350,2021,388
431360,2021,21
431365,2021,85
431370,2021,351
431380,2021,63
431390,2021,387
431395,2021,58
431400,2021,48
431402,2021,48
431403,2021,51
431405,2021,518
431406,2021,27
431407,2021,46
431410,2021,1944
431413,2021,10
431415,2021,47
431417,2021,17
431420,2021,52
431430,2021,33
431440,2021,2549
431442,2021,28
431445,2021,37
431446,2021,13
431447,2021,26
431449,2021,45
431450,2021,46
431454,2021,9
431455,2021,11
431460,2021,101
431470,2021,95
431475,2021,10
431477,2021,30
431478,2021,8
431480,2021,260
431490,2021,9353
431500,2021,22
431505,2021,18
431507,2021,7
431510,2021,65
431513,2021,13
431514,2021,16
431515,2021,37
431517,2021,7
431520,2021,13
431530,2021,214
431531,2021,10
431532,2021,17
431535,2021,26
431540,2021,110
431545,2021,11
431550,2021,110
431555,2021,21
431560,2021,1618
431570,2021,251
431575,2021,37
431580,2021,66
431590,2021,64
431595,2021,17
431600,2021,182
431610,2021,75
431620,2021,24
431630,2021,43
431640,2021,298
431642,2021,21
431643,2021,12
431645,2021,69
431647,2021,18
431650,2021,63
431660,2021,118
431670,2021,54
431673,2021,13
431675,2021,29
431680,2021,1037
431690,2021,2112
431695,2021,37
431697,2021,13
431700,2021,35
431710,2021,679
431720,2021,698
431725,2021,4
431730,2021,238
431740,2021,353
431750,2021,677
431755,2021,7
431760,2021,321
431770,2021,76
431775,2021,16
431780,2021,146
431790,2021,114
431795,2021,22
431800,2021,502
431805,2021,17
431810,2021,85
431820,2021,179
431830,2021,465
431840,2021,128
431842,2021,25
431843,2021,20
431844,2021,13
431845,2021,19
431846,2021,14
431848,2021,24
431849,2021,10
431850,2021,191
431860,2021,45
431861,2021,26
431862,2021,46
431870,2021,1896
431880,2021,234
431890,2021,325
431900,2021,150
431910,2021,49
431912,2021,15
431915,2021,49
431920,2021,29
431930,2021,35
431935,2021,28
431936,2021,12
431937,2021,17
431940,2021,92
431950,2021,208
431960,2021,166
431970,2021,21
431971,2021,9
431973,2021,29
431975,2021,15
431980,2021,42
431990,2021,775
432000,2021,1081
432010,2021,233
432020,2021,121
432023,2021,16
432026,2021,63
432030,2021,29
432032,2021,16
432035,2021,29
432040,2021,138
432045,2021,12
432050,2021,38
432055,2021,32
432057,2021,18
432060,2021,14
432065,2021,12
432067,2021,53
432070,2021,127
432080,2021,249
432085,2021,40
432090,2021,264
432100,2021,81
432110,2021,98
432120,2021,408
432130,2021,178
432132,2021,28
432135,2021,33
432140,2021,153
432143,2021,101
432145,2021,319
432146,2021,26
432147,2021,37
432149,2021,12
432150,2021,377
432160,2021,481
432162,2021,9
432163,2021,12
432166,2021,87
432170,2021,166
432180,2021,267
432183,2021,28
432185,2021,45
432190,2021,202
432195,2021,59
432200,2021,230
432210,2021,31
432215,2021,25
432218,2021,8
432220,2021,161
432225,2021,44
432230,2021,55
432232,2021,16
432234,2021,16
432235,2021,7
432237,2021,18
432240,2021,1083
432250,2021,635
432252,2021,30
432253,2021,77
432254,2021,42
432255,2021,10
432260,2021,456
432270,2021,203
432280,2021,162
432285,2021,9
432290,2021,25
432300,2021,1645
432310,2021,50
432320,2021,16
432330,2021,17
432335,2021,11
432340,2021,25
432345,2021,24
432350,2021,17
432360,2021,10
432370,2021,22
432375,2021,20
432377,2021,18
432380,2021,173
500020,2021,177
500025,2021,30
500060,2021,423
500070,2021,297
500080,2021,48
500085,2021,121
500090,2021,87
500100,2021,307
500110,2021,494
500124,2021,97
500150,2021,57
500190,2021,266
500200,2021,88
500210,2021,286
500215,2021,81
500220,2021,268
500230,2021,103
500240,2021,348
500260,2021,110
500270,2021,9142
500280,2021,67
500290,2021,201
500295,2021,384
500310,2021,11
500315,2021,246
500320,2021,1289
500325,2021,320
500330,2021,340
500345,2021,111
500348,2021,86
500350,2021,52
500370,2021,2852
500375,2021,142
500380,2021,217
500390,2021,32
500400,2021,87
500410,2021,92
500430,2021,168
500440,2021,68
500450,2021,184
500460,2021,191
500470,2021,281
500480,2021,89
500490,2021,40
500500,2021,295
500510,2021,43
500515,2021,63
500520,2021,269
500525,2021,80
500540,2021,522
500560,2021,324
500568,2021,199
500570,2021,549
500580,2021,128
500600,2021,251
500620,2021,518
500625,2021,51
500627,2021,39
500630,2021,365
500635,2021,236
500640,2021,71
500660,2021,1261
500690,2021,149
500710,2021,216
500720,2021,440
500730,2021,34
500740,2021,188
500750,2021,49
500755,2021,52
500769,2021,335
500770,2021,91
500780,2021,53
500790,2021,530
500793,2021,189
500795,2021,125
500797,2021,27
500800,2021,132
500830,2021,1416
500840,2021,64
510010,2021,30
510020,2021,325
510025,2021,677
510030,2021,124
510035,2021,60
510040,2021,99
510050,2021,66
510060,2021,106
510080,2021,94
510100,2021,37
510120,2021,4
510125,2021,180
510130,2021,130
510140,2021,284
510160,2021,38
510170,2021,315
510180,2021,824
510185,2021,72
510190,2021,234
510250,2021,1010
510260,2021,279
510263,2021,585
510267,2021,598
510268,2021,86
510269,2021,46
510270,2021,331
510279,2021,102
510285,2021,79
510300,2021,189
510305,2021,97
510310,2021,54
510320,2021,332
510325,2021,360
510330,2021,211
510335,2021,472
510336,2021,34
510337,2021,110
510340,2021,6736
510343,2021,43
510345,2021,69
510350,2021,276
510360,2021,43
510370,2021,144
510380,2021,25
510385,2021,122
510390,2021,80
510395,2021,22
510410,2021,410
510420,2021,49
510450,2021,18
510452,2021,90
510454,2021,87
510455,2021,64
510460,2021,103
510480,2021,305
510490,2021,65
510500,2021,91
510510,2021,465
510515,2021,468
510517,2021,115
510520,2021,75
510523,2021,58
510525,2021,1089
510530,2021,18
510550,2021,159
510558,2021,128
510560,2021,283
510562,2021,273
510590,2021,169
510600,2021,43
510610,2021,74
510615,2021,138
510617,2021,50
510618,2021,71
510619,2021,49
510620,2021,34
510621,2021,128
510622,2021,691
510623,2021,183
510624,2021,131
510625,2021,209
510626,2021,88
510627,2021,31
510628,2021,58
510629,2021,127
510630,2021,269
510631,2021,22
510637,2021,178
510642,2021,444
510645,2021,27
510650,2021,318
510665,2021,62
510670,2021,11
510675,2021,616
510677,2021,115
510680,2021,67
510682,2021,117
510685,2021,31
510700,2021,157
510704,2021,1052
510706,2021,360
510710,2021,174
510715,2021,12
510718,2021,99
510719,2021,15
510720,2021,45
510724,2021,62
510726,2021,17
510729,2021,9
510730,2021,186
510735,2021,91
510740,2021,43
510757,2021,27
510760,2021,2898
510770,2021,129
510774,2021,23
510775,2021,33
510776,2021,35
510777,2021,64
510779,2021,52
510780,2021,173
510785,2021,92
510787,2021,424
510788,2021,13
510790,2021,2453
510792,2021,1547
510794,2021,117
510795,2021,1250
510800,2021,160
510805,2021,139
510810,2021,16
510820,2021,38
510830,2021,28
510835,2021,22
510840,2021,3386
510850,2021,114
510860,2021,185
510880,2021,51
510885,2021,36
510890,2021,56
510895,2021,74
520005,2021,161
520010,2021,138
520013,2021,166
520015,2021,16
520017,2021,37
520020,2021,11
520025,2021,2154
520030,2021,289
520050,2021,13
520055,2021,83
520060,2021,97
520080,2021,91
520082,2021,15
520085,2021,65
520090,2021,16
520110,2021,4205
520120,2021,5
520130,2021,161
520140,2021,5148
520145,2021,16
520150,2021,47
520160,2021,19
520170,2021,156
520180,2021,113
520215,2021,32
520235,2021,19
520250,2021,67
520260,2021,21
520280,2021,19
520310,2021,21
520320,2021,110
520330,2021,307
520340,2021,82
520350,2021,237
520355,2021,85
520357,2021,26
520360,2021,28
520380,2021,61
520390,2021,78
520393,2021,23
520396,2021,38
520400,2021,54
520410,2021,82
520420,2021,16
520425,2021,47
520430,2021,120
520440,2021,152
520450,2021,938
520455,2021,27
520460,2021,35
520465,2021,29
520470,2021,101
520480,2021,54
520485,2021,85
520490,2021,206
520495,2021,36
520500,2021,70
520505,2021,23
520510,2021,1009
520520,2021,31
520530,2021,82
520540,2021,218
520545,2021,64
520547,2021,168
520549,2021,811
520551,2021,188
520552,2021,43
520570,2021,18
520580,2021,66
520590,2021,73
520620,2021,678
520630,2021,31
520640,2021,139
520650,2021,27
520660,2021,18
520670,2021,39
520680,2021,14
520690,2021,10
520710,2021,9
520725,2021,56
520735,2021,33
520740,2021,102
520750,2021,27
520753,2021,37
520760,2021,38
520780,2021,65
520790,2021,67
520800,2021,1199
520810,2021,36
520815,2021,21
520830,2021,42
520840,2021,123
520850,2021,31
520860,2021,749
520870,2021,13309
520880,2021,670
520890,2021,159
520910,2021,308
520915,2021,31
520920,2021,160
520929,2021,9
520940,2021,36
520945,2021,18
520960,2021,22
520970,2021,233
520980,2021,35
520990,2021,113
520993,2021,33
520995,2021,150
521000,2021,432
521010,2021,200
521015,2021,24
521020,2021,296
521030,2021,17
521040,2021,417
521056,2021,41
521060,2021,29
521080,2021,58
521090,2021,202
521100,2021,55
521120,2021,221
521130,2021,46
521140,2021,63
521150,2021,910
521160,2021,20
521170,2021,48
521180,2021,386
521190,2021,1068
521200,2021,38
521205,2021,18
521210,2021,65
521220,2021,145
521225,2021,18
521230,2021,57
521250,2021,2059
521260,2021,12
521270,2021,116
521280,2021,101
521290,2021,24
521295,2021,37
521300,2021,111
521305,2021,19
521308,2021,286
521310,2021,739
521340,2021,5
521350,2021,63
521370,2021,74
521375,2021,117
521377,2021,34
521380,2021,460
521385,2021,26
521390,2021,34
521400,2021,181
521405,2021,61
521410,2021,40
521440,2021,55
521450,2021,345
521460,2021,296
521470,2021,17
521480,2021,10
521483,2021,121
521486,2021,56
521487,2021,26
521490,2021,27
521500,2021,63
521520,2021,33
521523,2021,1008
521525,2021,29
521530,2021,163
521540,2021,38
521550,2021,59
521560,2021,268
521565,2021,31
521570,2021,326
521580,2021,7
521590,2021,36
521600,2021,22
521630,2021,63
521640,2021,97
521645,2021,30
521680,2021,50
521690,2021,19
521710,2021,145
521720,2021,120
521730,2021,188
521740,2021,261
521760,2021,1007
521770,2021,146
521800,2021,371
521805,2021,47
521810,2021,20
521830,2021,394
521839,2021,23
521850,2021,437
521860,2021,112
521870,2021,32
521878,2021,25
521880,2021,2425
521890,2021,160
521900,2021,69
521910,2021,56
521920,2021,15
521925,2021,45
521930,2021,343
521935,2021,26
521940,2021,46
521945,2021,19
521950,2021,25
521960,2021,16
521970,2021,75
521971,2021,40
521973,2021,52
521975,2021,621
521980,2021,81
521990,2021,30
522000,2021,126
522005,2021,14
522010,2021,322
522015,2021,65
522020,2021,196
522026,2021,28
522028,2021,21
522040,2021,153
522045,2021,1610
522050,2021,52
522060,2021,157
522068,2021,60
522070,2021,20
522100,2021,33
522108,2021,23
522119,2021,67
522130,2021,15
522140,2021,1367
522145,2021,31
522150,2021,40
522155,2021,45
522157,2021,15
522160,2021,376
522170,2021,123
522180,2021,18
522185,2021,1700
522190,2021,20
522200,2021,148
522205,2021,69
522220,2021,46
522230,2021,53
530010,2021,25599
