"codigo","ano","total_de_nascidos_vivos"
110001,2021,357
110002,2021,1545
110003,2021,68
110004,2021,1366
110005,2021,251
110006,2021,231
110007,2021,118
110008,2021,195
110009,2021,485
110010,2021,834
110011,2021,920
110012,2021,1972
110013,2021,468
110014,2021,233
110015,2021,538
110018,2021,573
110020,2021,7703
110025,2021,254
110026,2021,48
110028,2021,816
110029,2021,78
110030,2021,1623
110032,2021,344
110033,2021,469
110034,2021,200
110037,2021,143
110040,2021,224
110045,2021,542
110050,2021,84
110060,2021,60
110070,2021,133
110080,2021,353
110090,2021,37
110092,2021,152
110094,2021,243
110100,2021,105
110110,2021,120
110120,2021,65
110130,2021,153
110140,2021,175
110143,2021,85
110145,2021,40
110146,2021,42
110147,2021,40
110148,2021,45
110149,2021,284
110150,2021,180
110155,2021,50
110160,2021,83
110170,2021,161
110175,2021,75
110180,2021,72
120001,2021,251
120005,2021,271
120010,2021,525
120013,2021,251
120017,2021,215
120020,2021,1794
120025,2021,304
120030,2021,889
120032,2021,296
120033,2021,379
120034,2021,276
120035,2021,443
120038,2021,282
120039,2021,338
120040,2021,5666
120042,2021,335
120043,2021,178
120045,2021,392
120050,2021,759
120060,2021,1174
120070,2021,326
120080,2021,354
130002,2021,445
130006,2021,285
130008,2021,180
130010,2021,262
130014,2021,290
130020,2021,271
130030,2021,950
130040,2021,507
130050,2021,939
130060,2021,1055
130063,2021,589
130068,2021,297
130070,2021,772
130080,2021,886
130083,2021,205
130090,2021,198
130100,2021,684
130110,2021,619
130115,2021,218
130120,2021,1622
130130,2021,496
130140,2021,728
130150,2021,365
130160,2021,678
130165,2021,340
130170,2021,1127
130180,2021,406
130185,2021,939
130190,2021,2045
130195,2021,298
130200,2021,208
130210,2021,176
130220,2021,208
130230,2021,680
130240,2021,881
130250,2021,2265
130255,2021,256
130260,2021,37041
130270,2021,1010
130280,2021,449
130290,2021,1515
130300,2021,348
130310,2021,640
130320,2021,306
130330,2021,440
130340,2021,2039
130350,2021,426
130353,2021,605
130356,2021,418
130360,2021,368
130370,2021,826
130380,2021,1588
130390,2021,993
130395,2021,204
130400,2021,210
130406,2021,1812
130410,2021,468
130420,2021,1871
130423,2021,450
130426,2021,387
130430,2021,265
130440,2021,379
140002,2021,435
140005,2021,768
140010,2021,8108
140015,2021,433
140017,2021,418
140020,2021,424
140023,2021,210
140028,2021,142
140030,2021,369
140040,2021,477
140045,2021,609
140047,2021,561
140050,2021,141
140060,2021,102
140070,2021,704
150010,2021,2768
150013,2021,132
150020,2021,959
150030,2021,1063
150034,2021,209
150040,2021,1131
150050,2021,792
150060,2021,2207
150070,2021,861
150080,2021,6856
150085,2021,649
150090,2021,900
150095,2021,414
150100,2021,184
150110,2021,576
150120,2021,590
150125,2021,53
150130,2021,2270
150140,2021,16816
150145,2021,291
150150,2021,942
150157,2021,284
150160,2021,194
150170,2021,2155
150172,2021,337
150175,2021,112
150178,2021,733
150180,2021,2830
150190,2021,413
150195,2021,344
150200,2021,311
150210,2021,2520
150215,2021,1434
150220,2021,1058
150230,2021,862
150240,2021,3275
150250,2021,408
150260,2021,141
150270,2021,745
150275,2021,526
150276,2021,212
150277,2021,378
150280,2021,728
150285,2021,215
150290,2021,517
150293,2021,680
150295,2021,477
150300,2021,133
150304,2021,324
150307,2021,395
150309,2021,576
150310,2021,768
150320,2021,531
150330,2021,1134
150340,2021,178
150345,2021,636
150350,2021,450
150360,2021,2599
150370,2021,782
150375,2021,673
150380,2021,686
150390,2021,1128
150400,2021,471
150405,2021,547
150410,2021,97
150420,2021,4670
150430,2021,394
150440,2021,312
150442,2021,1697
150445,2021,461
150450,2021,638
150460,2021,524
150470,2021,1333
150475,2021,286
150480,2021,1128
150490,2021,686
150495,2021,338
150497,2021,192
150500,2021,144
150503,2021,717
150506,2021,1280
150510,2021,1042
150520,2021,760
150530,2021,1567
150540,2021,295
150543,2021,647
150548,2021,755
150549,2021,106
150550,2021,1890
150553,2021,5087
150555,2021,119
150560,2021,88
150563,2021,184
150565,2021,312
150570,2021,333
150580,2021,1673
150590,2021,761
150600,2021,774
150610,2021,171
150611,2021,146
150613,2021,1691
150616,2021,323
150618,2021,596
150619,2021,472
150620,2021,739
150630,2021,334
150635,2021,328
150640,2021,72
150650,2021,933
150655,2021,294
150658,2021,200
150660,2021,360
150670,2021,676
150680,2021,6864
150690,2021,101
150700,2021,428
150710,2021,206
150715,2021,382
150720,2021,479
150730,2021,1120
150740,2021,248
150745,2021,464
150746,2021,82
150747,2021,296
150750,2021,222
150760,2021,882
150770,2021,572
150775,2021,77
150780,2021,296
150790,2021,411
150795,2021,1519
150796,2021,178
150797,2021,301
150800,2021,1505
150803,2021,457
150805,2021,260
150808,2021,742
150810,2021,1664
150812,2021,388
150815,2021,797
150820,2021,606
150830,2021,1091
150835,2021,336
150840,2021,966
160005,2021,94
160010,2021,160
160015,2021,336
160020,2021,209
160021,2021,117
160023,2021,154
160025,2021,156
160027,2021,688
160030,2021,8589
160040,2021,575
160050,2021,609
160053,2021,393
160055,2021,111
160060,2021,2200
160070,2021,343
160080,2021,259
170025,2021,30
170030,2021,91
170035,2021,67
170040,2021,123
170070,2021,133
170100,2021,156
170105,2021,33
170110,2021,72
170130,2021,64
170190,2021,93
170200,2021,94
170210,2021,3050
170215,2021,64
170220,2021,459
170230,2021,92
170240,2021,137
170255,2021,300
170270,2021,29
170290,2021,198
170300,2021,92
170305,2021,57
170307,2021,94
170310,2021,61
170320,2021,51
170330,2021,73
170360,2021,30
170370,2021,60
170380,2021,146
170382,2021,33
170384,2021,170
170386,2021,54
170388,2021,36
170389,2021,55
170390,2021,85
170410,2021,25
170460,2021,13
170510,2021,50
170550,2021,591
170555,2021,54
170560,2021,58
170600,2021,79
170610,2021,76
170625,2021,17
170650,2021,111
170700,2021,299
170710,2021,105
170720,2021,66
170730,2021,57
170740,2021,139
170755,2021,49
170765,2021,61
170770,2021,94
170820,2021,298
170825,2021,57
170830,2021,61
170900,2021,208
170930,2021,364
170950,2021,1263
170980,2021,25
171050,2021,127
171070,2021,66
171090,2021,55
171110,2021,38
171150,2021,29
171180,2021,37
171190,2021,289
171195,2021,63
171200,2021,58
171215,2021,18
171240,2021,53
171245,2021,45
171250,2021,65
171270,2021,40
171280,2021,36
171320,2021,295
171330,2021,175
171360,2021,86
171370,2021,28
171380,2021,72
171395,2021,55
171420,2021,103
171430,2021,62
171488,2021,162
171500,2021,48
171510,2021,62
171515,2021,23
171525,2021,43
171550,2021,16
171570,2021,50
171575,2021,85
171610,2021,795
171620,2021,162
171630,2021,66
171650,2021,220
171660,2021,130
171665,2021,68
171670,2021,124
171700,2021,44
171720,2021,37
171750,2021,82
171780,2021,34
171790,2021,119
171800,2021,48
171820,2021,1115
171830,2021,99
171840,2021,44
171845,2021,31
171850,2021,60
171855,2021,66
171865,2021,31
171870,2021,40
171875,2021,67
171880,2021,88
171884,2021,44
171886,2021,114
171888,2021,39
171889,2021,30
171890,2021,89
171900,2021,53
172000,2021,28
172010,2021,79
172015,2021,21
172020,2021,155
172025,2021,26
172030,2021,56
172049,2021,40
172065,2021,63
172080,2021,135
172085,2021,19
172090,2021,173
172093,2021,33
172097,2021,33
172100,2021,4941
172110,2021,189
172120,2021,445
172125,2021,34
172130,2021,33
172208,2021,145
172210,2021,174
210005,2021,1945
210010,2021,116
210015,2021,183
210020,2021,220
210030,2021,428
210040,2021,71
210043,2021,434
210047,2021,500
210050,2021,182
210055,2021,125
210060,2021,825
210070,2021,308
210080,2021,303
210083,2021,264
210087,2021,150
210090,2021,541
210095,2021,593
210100,2021,421
210110,2021,114
210120,2021,1752
210125,2021,228
210130,2021,238
210135,2021,75
210140,2021,1950
210150,2021,306
210160,2021,1499
210170,2021,1281
210173,2021,218
210177,2021,196
210180,2021,63
210190,2021,234
210193,2021,59
210197,2021,138
210200,2021,579
210203,2021,533
210207,2021,142
210210,2021,532
210215,2021,169
210220,2021,506
210230,2021,365
210232,2021,1125
210235,2021,203
210237,2021,61
210240,2021,140
210250,2021,287
210255,2021,180
210260,2021,343
210270,2021,276
210275,2021,170
210280,2021,352
210290,2021,452
210300,2021,2576
210310,2021,127
210312,2021,141
210315,2021,237
210317,2021,336
210320,2021,1504
210325,2021,163
210330,2021,1889
210340,2021,702
210350,2021,675
210355,2021,227
210360,2021,1045
210370,2021,478
210375,2021,208
210380,2021,308
210390,2021,185
210400,2021,296
210405,2021,484
210407,2021,123
210408,2021,309
210409,2021,253
210410,2021,207
210420,2021,261
210430,2021,144
210440,2021,241
210450,2021,156
210455,2021,305
210460,2021,234
210462,2021,123
210465,2021,124
210467,2021,494
210470,2021,49
210480,2021,1537
210490,2021,135
210500,2021,471
210510,2021,396
210515,2021,280
210520,2021,192
210530,2021,4686
210535,2021,275
210540,2021,1141
210542,2021,314
210545,2021,131
210547,2021,424
210550,2021,442
210560,2021,243
210565,2021,80
210570,2021,784
210580,2021,140
210590,2021,230
210592,2021,147
210594,2021,100
210596,2021,232
210598,2021,118
210600,2021,185
210610,2021,147
210620,2021,111
210630,2021,163
210632,2021,367
210635,2021,99
210637,2021,176
210640,2021,279
210650,2021,363
210660,2021,479
210663,2021,120
210667,2021,91
210670,2021,328
210675,2021,322
210680,2021,236
210690,2021,461
210700,2021,166
210710,2021,141
210720,2021,223
210725,2021,95
210730,2021,39
210735,2021,298
210740,2021,231
210745,2021,224
210750,2021,1658
210760,2021,291
210770,2021,303
210780,2021,446
210790,2021,314
210800,2021,286
210805,2021,342
210810,2021,321
210820,2021,515
210825,2021,397
210830,2021,680
210840,2021,118
210845,2021,343
210850,2021,508
210860,2021,1471
210870,2021,337
210880,2021,251
210890,2021,219
210900,2021,408
210905,2021,55
210910,2021,754
210920,2021,167
210923,2021,106
210927,2021,334
210930,2021,202
210940,2021,206
210945,2021,513
210950,2021,364
210955,2021,96
210960,2021,533
210970,2021,86
210975,2021,67
210980,2021,487
210990,2021,1493
211000,2021,1003
211003,2021,363
211010,2021,471
211020,2021,540
211023,2021,166
211027,2021,131
211030,2021,258
211040,2021,382
211050,2021,456
211060,2021,404
211065,2021,95
211070,2021,621
211080,2021,64
211085,2021,108
211090,2021,131
211100,2021,255
211102,2021,245
211105,2021,154
211107,2021,267
211110,2021,377
211120,2021,3440
211125,2021,100
211130,2021,15164
211140,2021,268
211150,2021,587
211153,2021,132
211157,2021,98
211160,2021,292
211163,2021,74
211167,2021,70
211170,2021,284
211172,2021,135
211174,2021,180
211176,2021,257
211178,2021,159
211180,2021,285
211190,2021,179
211195,2021,39
211200,2021,132
211210,2021,495
211220,2021,2960
211223,2021,344
211227,2021,77
211230,2021,497
211240,2021,646
211245,2021,340
211250,2021,1027
211260,2021,651
211270,2021,838
211280,2021,1000
211285,2021,164
211290,2021,525
211300,2021,471
211400,2021,771
220005,2021,86
220010,2021,68
220020,2021,249
220025,2021,77
220027,2021,61
220030,2021,119
220040,2021,634
220045,2021,79
220050,2021,261
220060,2021,88
220070,2021,155
220080,2021,61
220090,2021,42
220095,2021,33
220100,2021,67
220105,2021,126
220110,2021,182
220115,2021,320
220117,2021,41
220120,2021,726
220130,2021,50
220140,2021,94
220150,2021,344
220155,2021,63
220157,2021,34
220160,2021,125
220170,2021,66
220173,2021,128
220177,2021,78
220180,2021,37
220190,2021,516
220191,2021,87
220192,2021,80
220194,2021,93
220196,2021,66
220198,2021,50
220200,2021,312
220202,2021,71
220205,2021,97
220207,2021,40
220208,2021,131
220209,2021,80
220210,2021,57
220211,2021,70
220213,2021,87
220217,2021,90
220220,2021,571
220225,2021,50
220230,2021,294
220240,2021,153
220245,2021,51
220250,2021,173
220253,2021,77
220255,2021,74
220260,2021,255
220265,2021,91
220270,2021,417
220271,2021,57
220272,2021,86
220273,2021,46
220275,2021,80
220277,2021,94
220280,2021,64
220285,2021,40
220290,2021,514
220300,2021,108
220310,2021,181
220320,2021,192
220323,2021,92
220325,2021,59
220327,2021,99
220330,2021,241
220335,2021,105
220340,2021,74
220342,2021,57
220345,2021,103
220350,2021,140
220360,2021,52
220370,2021,619
220375,2021,72
220380,2021,50
220385,2021,25
220390,2021,930
220400,2021,66
220410,2021,61
220415,2021,31
220420,2021,72
220430,2021,96
220435,2021,91
220440,2021,179
220450,2021,157
220455,2021,90
220460,2021,49
220465,2021,160
220470,2021,167
220480,2021,106
220490,2021,117
220500,2021,103
220510,2021,117
220515,2021,69
220520,2021,253
220525,2021,54
220527,2021,41
220530,2021,65
220535,2021,33
220540,2021,196
220545,2021,61
220550,2021,563
220551,2021,64
220552,2021,90
220553,2021,65
220554,2021,25
220555,2021,101
220556,2021,77
220557,2021,81
220558,2021,68
220559,2021,53
220560,2021,53
220570,2021,430
220580,2021,341
220585,2021,97
220590,2021,79
220595,2021,115
220600,2021,63
220605,2021,54
220610,2021,174
220620,2021,488
220630,2021,12
220635,2021,75
220640,2021,117
220650,2021,84
220660,2021,207
220665,2021,76
220667,2021,96
220669,2021,108
220670,2021,105
220672,2021,148
220675,2021,55
220680,2021,136
220690,2021,50
220695,2021,34
220700,2021,481
220710,2021,38
220720,2021,90
220730,2021,62
220735,2021,31
220740,2021,87
220750,2021,197
220755,2021,28
220760,2021,159
220770,2021,2326
220775,2021,50
220777,2021,62
220779,2021,45
220780,2021,367
220785,2021,45
220790,2021,540
220793,2021,35
220795,2021,55
220800,2021,1094
220810,2021,115
220820,2021,227
220830,2021,358
220840,2021,897
220850,2021,239
220855,2021,44
220860,2021,33
220865,2021,109
220870,2021,181
220880,2021,253
220885,2021,61
220887,2021,50
220890,2021,100
220900,2021,60
220910,2021,67
220915,2021,33
220920,2021,95
220930,2021,65
220935,2021,47
220937,2021,63
220940,2021,75
220945,2021,22
220950,2021,33
220955,2021,61
220960,2021,30
220965,2021,74
220970,2021,67
220975,2021,58
220980,2021,63
220985,2021,47
220987,2021,72
220990,2021,64
220995,2021,65
220997,2021,153
221000,2021,361
221005,2021,71
221010,2021,39
221020,2021,82
221030,2021,74
221035,2021,45
221037,2021,27
221038,2021,21
221039,2021,42
221040,2021,194
221050,2021,193
221060,2021,608
221062,2021,42
221063,2021,59
221065,2021,115
221070,2021,196
221080,2021,175
221090,2021,48
221093,2021,80
221095,2021,41
221097,2021,39
221100,2021,12375
221110,2021,700
221120,2021,440
221130,2021,272
221135,2021,87
221140,2021,46
221150,2021,38
221160,2021,28
221170,2021,39
230010,2021,147
230015,2021,189
230020,2021,970
230030,2021,552
230040,2021,163
230050,2021,153
230060,2021,111
230070,2021,188
230075,2021,772
230080,2021,80
230090,2021,169
230100,2021,1151
230110,2021,941
230120,2021,341
230125,2021,132
230130,2021,346
230140,2021,152
230150,2021,88
230160,2021,282
230170,2021,302
230180,2021,55
230185,2021,226
230190,2021,1193
230195,2021,300
230200,2021,236
230205,2021,225
230210,2021,490
230220,2021,643
230230,2021,399
230240,2021,652
230250,2021,666
230260,2021,958
230270,2021,367
230280,2021,1078
230290,2021,220
230300,2021,239
230310,2021,236
230320,2021,375
230330,2021,156
230340,2021,276
230350,2021,938
230360,2021,128
230365,2021,85
230370,2021,4979
230380,2021,254
230390,2021,173
230393,2021,170
230395,2021,261
230400,2021,303
230410,2021,951
230420,2021,2083
230423,2021,263
230425,2021,459
230426,2021,86
230427,2021,27
230428,2021,1221
230430,2021,241
230435,2021,265
230440,2021,31744
230445,2021,213
230450,2021,235
230460,2021,88
230465,2021,199
230470,2021,782
230480,2021,74
230490,2021,122
230495,2021,296
230500,2021,677
230510,2021,86
230520,2021,240
230523,2021,1096
230526,2021,169
230530,2021,378
230533,2021,119
230535,2021,204
230540,2021,701
230550,2021,1429
230560,2021,307
230565,2021,139
230570,2021,118
230580,2021,647
230590,2021,471
230600,2021,142
230610,2021,398
230620,2021,81
230625,2021,754
230630,2021,630
230640,2021,2115
230650,2021,225
230655,2021,708
230660,2021,271
230670,2021,226
230680,2021,116
230690,2021,415
230700,2021,369
230710,2021,392
230720,2021,88
230725,2021,377
230730,2021,3914
230740,2021,323
230750,2021,338
230760,2021,705
230763,2021,178
230765,2021,4149
230770,2021,1219
230780,2021,513
230790,2021,187
230800,2021,539
230810,2021,703
230820,2021,201
230830,2021,350
230835,2021,150
230837,2021,170
230840,2021,612
230850,2021,461
230860,2021,215
230870,2021,729
230880,2021,101
230890,2021,328
230900,2021,158
230910,2021,151
230920,2021,239
230930,2021,392
230940,2021,357
230945,2021,272
230950,2021,211
230960,2021,953
230970,2021,1029
230980,2021,131
230990,2021,72
231000,2021,105
231010,2021,107
231020,2021,557
231025,2021,426
231030,2021,456
231040,2021,100
231050,2021,488
231060,2021,175
231070,2021,467
231080,2021,210
231085,2021,318
231090,2021,156
231095,2021,114
231100,2021,149
231110,2021,267
231120,2021,139
231123,2021,69
231126,2021,236
231130,2021,1234
231135,2021,175
231140,2021,1197
231150,2021,249
231160,2021,399
231170,2021,254
231180,2021,925
231190,2021,191
231195,2021,344
231200,2021,392
231210,2021,251
231220,2021,499
231230,2021,733
231240,2021,823
231250,2021,50
231260,2021,152
231270,2021,286
231280,2021,103
231290,2021,2934
231300,2021,215
231310,2021,349
231320,2021,338
231325,2021,81
231330,2021,772
231335,2021,209
231340,2021,1495
231350,2021,822
231355,2021,267
231360,2021,481
231370,2021,70
231375,2021,234
231380,2021,330
231390,2021,172
231395,2021,258
231400,2021,454
231410,2021,991
240010,2021,121
240020,2021,697
240030,2021,116
240040,2021,38
240050,2021,150
240060,2021,52
240070,2021,148
240080,2021,124
240090,2021,72
240100,2021,412
240110,2021,313
240120,2021,180
240130,2021,81
240140,2021,117
240145,2021,353
240150,2021,58
240160,2021,49
240165,2021,37
240170,2021,125
240180,2021,176
240185,2021,72
240190,2021,52
240200,2021,704
240210,2021,127
240220,2021,494
240230,2021,190
240240,2021,92
240250,2021,94
240260,2021,1157
240270,2021,143
240280,2021,84
240290,2021,59
240300,2021,88
240310,2021,468
240320,2021,93
240325,2021,3495
240330,2021,94
240340,2021,69
240350,2021,113
240360,2021,640
240370,2021,55
240375,2021,41
240380,2021,89
240390,2021,32
240400,2021,56
240410,2021,41
240420,2021,493
240430,2021,144
240440,2021,91
240450,2021,274
240460,2021,132
240470,2021,201
240480,2021,16
240485,2021,104
240490,2021,72
240500,2021,100
240510,2021,95
240520,2021,49
240530,2021,131
240540,2021,86
240550,2021,34
240560,2021,140
240570,2021,106
240580,2021,519
240590,2021,20
240600,2021,78
240610,2021,215
240615,2021,40
240620,2021,77
240630,2021,101
240640,2021,32
240650,2021,194
240660,2021,142
240670,2021,117
240680,2021,67
240690,2021,37
240700,2021,109
240710,2021,1006
240720,2021,298
240725,2021,47
240730,2021,115
240740,2021,94
240750,2021,131
240760,2021,56
240770,2021,202
240780,2021,271
240790,2021,41
240800,2021,3517
240810,2021,10222
240820,2021,401
240830,2021,477
240840,2021,34
240850,2021,61
240860,2021,53
240870,2021,44
240880,2021,120
240890,2021,251
240895,2021,158
240910,2021,160
240920,2021,41
240930,2021,107
240933,2021,78
240940,2021,425
240950,2021,57
240960,2021,30
240970,2021,61
240980,2021,197
240990,2021,133
241000,2021,20
241010,2021,151
241020,2021,74
241025,2021,78
241030,2021,155
241040,2021,137
241050,2021,60
241060,2021,22
241070,2021,23
241080,2021,37
241090,2021,98
241100,2021,56
241105,2021,81
241110,2021,45
241120,2021,504
241140,2021,116
241142,2021,29
241150,2021,325
241160,2021,65
241170,2021,68
241180,2021,31
241190,2021,55
241200,2021,1520
241210,2021,65
241220,2021,721
241230,2021,133
241240,2021,56
241250,2021,286
241255,2021,148
241260,2021,210
241270,2021,77
241280,2021,75
241290,2021,102
241300,2021,66
241310,2021,97
241320,2021,74
241330,2021,65
241335,2021,200
241340,2021,73
241350,2021,84
241355,2021,45
241360,2021,68
241370,2021,54
241380,2021,27
241390,2021,131
241400,2021,199
241410,2021,140
241415,2021,82
241420,2021,244
241430,2021,18
241440,2021,496
241445,2021,58
241450,2021,101
241460,2021,132
241470,2021,67
241475,2021,46
241480,2021,199
241490,2021,20
241500,2021,56
250010,2021,132
250020,2021,63
250030,2021,418
250040,2021,309
250050,2021,230
250053,2021,96
250057,2021,58
250060,2021,379
250070,2021,188
250073,2021,28
250077,2021,92
250080,2021,226
250090,2021,136
250100,2021,245
250110,2021,285
250115,2021,34
250120,2021,113
250130,2021,235
250135,2021,60
250140,2021,180
250150,2021,311
250153,2021,63
250157,2021,94
250160,2021,159
250170,2021,97
250180,2021,1320
250190,2021,214
250200,2021,61
250205,2021,71
250210,2021,70
250215,2021,81
250220,2021,32
250230,2021,53
250240,2021,148
250250,2021,265
250260,2021,64
250270,2021,62
250280,2021,198
250290,2021,73
250300,2021,391
250310,2021,53
250320,2021,967
250330,2021,139
250340,2021,44
250350,2021,228
250355,2021,165
250360,2021,78
250370,2021,888
250375,2021,45
250380,2021,75
250390,2021,95
250400,2021,5950
250403,2021,132
250407,2021,75
250410,2021,30
250415,2021,82
250420,2021,64
250430,2021,366
250435,2021,83
250440,2021,246
250450,2021,89
250460,2021,525
250470,2021,115
250480,2021,186
250485,2021,25
250490,2021,309
250500,2021,115
250510,2021,239
250520,2021,105
250523,2021,115
250527,2021,82
250530,2021,33
250535,2021,70
250540,2021,145
250550,2021,50
250560,2021,83
250570,2021,139
250580,2021,53
250590,2021,40
250600,2021,447
250610,2021,157
250620,2021,24
250625,2021,139
250630,2021,784
250640,2021,198
250650,2021,53
250660,2021,77
250670,2021,141
250680,2021,242
250690,2021,366
250700,2021,327
250710,2021,275
250720,2021,171
250730,2021,232
250740,2021,83
250750,2021,11126
250760,2021,126
250770,2021,300
250780,2021,111
250790,2021,204
250800,2021,116
250810,2021,53
250820,2021,133
250830,2021,396
250840,2021,45
250850,2021,88
250855,2021,32
250860,2021,224
250870,2021,40
250880,2021,90
250890,2021,843
250900,2021,166
250905,2021,176
250910,2021,281
250915,2021,77
250920,2021,153
250930,2021,179
250933,2021,82
250937,2021,28
250939,2021,132
250940,2021,200
250950,2021,107
250960,2021,63
250970,2021,486
250980,2021,109
250990,2021,87
251000,2021,97
251010,2021,102
251020,2021,78
251030,2021,37
251040,2021,86
251050,2021,44
251060,2021,38
251065,2021,14
251070,2021,25
251080,2021,1403
251090,2021,156
251100,2021,63
251110,2021,75
251120,2021,447
251130,2021,170
251140,2021,247
251150,2021,209
251160,2021,128
251170,2021,97
251180,2021,127
251190,2021,294
251200,2021,232
251203,2021,51
251207,2021,44
251210,2021,336
251220,2021,48
251230,2021,301
251240,2021,229
251250,2021,677
251260,2021,19
251270,2021,251
251272,2021,71
251274,2021,37
251275,2021,77
251276,2021,77
251278,2021,38
251280,2021,94
251290,2021,416
251300,2021,43
251310,2021,151
251315,2021,127
251320,2021,64
251330,2021,69
251335,2021,37
251340,2021,198
251350,2021,50
251360,2021,72
251365,2021,18
251370,2021,2275
251380,2021,36
251385,2021,28
251390,2021,429
251392,2021,54
251394,2021,32
251396,2021,28
251398,2021,38
251400,2021,54
251410,2021,53
251420,2021,71
251430,2021,93
251440,2021,56
251445,2021,72
251450,2021,241
251455,2021,53
251460,2021,50
251465,2021,23
251470,2021,46
251480,2021,49
251490,2021,87
251500,2021,132
251510,2021,139
251520,2021,37
251530,2021,624
251540,2021,160
251550,2021,147
251560,2021,34
251570,2021,54
251580,2021,101
251590,2021,73
251593,2021,78
251597,2021,121
251600,2021,369
251610,2021,200
251615,2021,57
251620,2021,995
251630,2021,223
251640,2021,108
251650,2021,198
251660,2021,174
251670,2021,230
251675,2021,43
251680,2021,105
251690,2021,168
251700,2021,120
251710,2021,29
251720,2021,36
251740,2021,31
260005,2021,1273
260010,2021,575
260020,2021,241
260030,2021,371
260040,2021,408
260050,2021,702
260060,2021,182
260070,2021,518
260080,2021,240
260090,2021,268
260100,2021,150
260105,2021,327
260110,2021,1616
260120,2021,1135
260130,2021,158
260140,2021,678
260150,2021,136
260160,2021,279
260170,2021,1119
260180,2021,178
260190,2021,711
260200,2021,528
260210,2021,448
260220,2021,435
260230,2021,649
260240,2021,177
260250,2021,94
260260,2021,743
260270,2021,179
260280,2021,850
260290,2021,2905
260300,2021,523
260310,2021,336
260320,2021,447
260330,2021,125
260340,2021,97
260345,2021,2048
260350,2021,211
260360,2021,91
260370,2021,350
260380,2021,269
260390,2021,250
260392,2021,272
260400,2021,1052
260410,2021,5554
260415,2021,156
260420,2021,454
260430,2021,155
260440,2021,171
260450,2021,317
260460,2021,339
260470,2021,180
260480,2021,160
260490,2021,140
260500,2021,356
260510,2021,550
260515,2021,225
260520,2021,777
260530,2021,416
260540,2021,301
260545,2021,26
260550,2021,138
260560,2021,272
260570,2021,492
260580,2021,137
260590,2021,295
260600,2021,2135
260610,2021,364
260620,2021,1094
260630,2021,125
260640,2021,1039
260650,2021,321
260660,2021,418
260670,2021,109
260680,2021,1532
260690,2021,136
260700,2021,360
260710,2021,62
260720,2021,1816
260730,2021,578
260740,2021,78
260750,2021,415
260760,2021,315
260765,2021,447
260770,2021,183
260775,2021,392
260780,2021,195
260790,2021,8660
260795,2021,148
260800,2021,219
260805,2021,217
260810,2021,343
260820,2021,228
260825,2021,186
260830,2021,306
260840,2021,189
260845,2021,236
260850,2021,331
260860,2021,147
260870,2021,176
260875,2021,377
260880,2021,669
260890,2021,757
260900,2021,341
260910,2021,207
260915,2021,252
260920,2021,154
260930,2021,280
260940,2021,760
260950,2021,406
260960,2021,4724
260970,2021,293
260980,2021,257
260990,2021,1049
261000,2021,841
261010,2021,93
261020,2021,369
261030,2021,200
261040,2021,263
261050,2021,359
261060,2021,818
261070,2021,3625
261080,2021,365
261090,2021,902
261100,2021,667
261110,2021,6299
261120,2021,160
261130,2021,369
261140,2021,164
261150,2021,205
261153,2021,95
261160,2021,18146
261170,2021,285
261180,2021,459
261190,2021,347
261200,2021,117
261210,2021,66
261220,2021,982
261230,2021,189
261240,2021,294
261245,2021,211
261247,2021,153
261250,2021,1313
261255,2021,205
261260,2021,648
261270,2021,190
261280,2021,122
261290,2021,151
261300,2021,755
261310,2021,529
261320,2021,329
261330,2021,262
261340,2021,301
261350,2021,495
261360,2021,419
261370,2021,1489
261380,2021,272
261390,2021,1485
261400,2021,279
261410,2021,401
261420,2021,535
261430,2021,144
261440,2021,76
261450,2021,826
261460,2021,353
261470,2021,180
261480,2021,330
261485,2021,405
261500,2021,390
261510,2021,99
261520,2021,133
261530,2021,651
261540,2021,644
261550,2021,200
261560,2021,573
261570,2021,179
261580,2021,363
261590,2021,112
261600,2021,284
261610,2021,129
261618,2021,100
261620,2021,311
261630,2021,356
261640,2021,1915
261650,2021,235
270010,2021,311
270020,2021,210
270030,2021,3771
270040,2021,623
270050,2021,260
270060,2021,147
270070,2021,297
270080,2021,64
270090,2021,104
270100,2021,306
270110,2021,184
270120,2021,160
270130,2021,268
270135,2021,107
270140,2021,491
270150,2021,151
270160,2021,322
270170,2021,199
270180,2021,141
270190,2021,82
270200,2021,151
270210,2021,278
270220,2021,93
270230,2021,885
270235,2021,413
270240,2021,747
270250,2021,152
270255,2021,293
270260,2021,331
270270,2021,62
270280,2021,159
270290,2021,565
270300,2021,247
270310,2021,341
270320,2021,322
270330,2021,266
270340,2021,97
270350,2021,53
270360,2021,172
270370,2021,85
270375,2021,175
270380,2021,343
270390,2021,71
270400,2021,336
270410,2021,326
270420,2021,379
270430,2021,13604
270440,2021,272
270450,2021,628
270460,2021,149
270470,2021,923
270480,2021,180
270490,2021,32
270500,2021,327
270510,2021,369
270520,2021,246
270530,2021,78
270540,2021,135
270550,2021,446
270560,2021,144
270570,2021,380
270580,2021,137
270590,2021,61
270600,2021,158
270610,2021,206
270620,2021,89
270630,2021,1131
270640,2021,412
270642,2021,156
270644,2021,217
270650,2021,198
270660,2021,98
270670,2021,929
270680,2021,284
270690,2021,564
270700,2021,29
270710,2021,424
270720,2021,205
270730,2021,387
270740,2021,147
270750,2021,296
270760,2021,185
270770,2021,1359
270780,2021,128
270790,2021,112
270800,2021,786
270810,2021,188
270820,2021,97
270830,2021,397
270840,2021,568
270850,2021,448
270860,2021,823
270870,2021,143
270880,2021,483
270890,2021,327
270895,2021,196
270900,2021,94
270910,2021,283
270915,2021,618
270920,2021,343
270930,2021,1250
270940,2021,399
280010,2021,36
280020,2021,252
280030,2021,7917
280040,2021,134
280050,2021,247
280060,2021,570
280067,2021,316
280070,2021,154
280100,2021,214
280110,2021,64
280120,2021,509
280130,2021,571
280140,2021,288
280150,2021,209
280160,2021,60
280170,2021,258
280190,2021,34
280200,2021,82
280210,2021,1055
280220,2021,101
280230,2021,235
280240,2021,130
280250,2021,45
280260,2021,81
280270,2021,149
280280,2021,260
280290,2021,1425
280300,2021,568
280310,2021,56
280320,2021,558
280330,2021,224
280340,2021,220
280350,2021,1427
280360,2021,371
280370,2021,79
280380,2021,56
280390,2021,173
280400,2021,229
280410,2021,137
280420,2021,254
280430,2021,116
280440,2021,245
280445,2021,121
280450,2021,648
280460,2021,329
280470,2021,77
280480,2021,2799
280490,2021,238
280500,2021,44
280510,2021,113
280520,2021,80
280530,2021,129
280540,2021,512
280550,2021,266
280560,2021,399
280570,2021,403
280580,2021,243
280590,2021,144
280600,2021,172
280610,2021,151
280620,2021,250
280630,2021,234
280640,2021,106
280650,2021,65
280660,2021,150
280670,2021,1224
280680,2021,126
280690,2021,47
280700,2021,41
280710,2021,591
280720,2021,96
280730,2021,49
280740,2021,674
280750,2021,167
280760,2021,409
290010,2021,49
290020,2021,311
290030,2021,172
290035,2021,181
290040,2021,130
290050,2021,123
290060,2021,38
290070,2021,2016
290080,2021,373
290090,2021,53
290100,2021,431
290110,2021,151
290115,2021,205
290120,2021,225
290130,2021,170
290135,2021,176
290140,2021,191
290150,2021,49
290160,2021,162
290170,2021,111
290180,2021,133
290190,2021,191
290195,2021,113
290200,2021,172
290205,2021,140
290210,2021,634
290220,2021,124
290225,2021,99
290230,2021,127
290240,2021,190
290250,2021,137
290260,2021,188
290265,2021,153
290270,2021,900
290280,2021,370
290290,2021,480
290300,2021,178
290310,2021,74
290320,2021,2504
290323,2021,141
290327,2021,204
290330,2021,72
290340,2021,282
290350,2021,220
290360,2021,196
290370,2021,157
290380,2021,222
290390,2021,1099
290395,2021,120
290400,2021,173
290405,2021,216
290410,2021,260
290420,2021,132
290430,2021,156
290440,2021,96
290450,2021,134
290460,2021,865
290470,2021,231
290475,2021,329
290480,2021,62
290485,2021,255
290490,2021,320
290500,2021,312
290510,2021,143
290515,2021,112
290520,2021,619
290530,2021,276
290540,2021,254
290550,2021,177
290560,2021,385
290570,2021,3907
290580,2021,554
290590,2021,512
290600,2021,1111
290610,2021,135
290620,2021,339
290630,2021,478
290640,2021,67
290650,2021,922
290660,2021,140
290670,2021,292
290680,2021,472
290682,2021,216
290685,2021,123
290687,2021,415
290689,2021,97
290690,2021,279
290700,2021,127
290710,2021,452
290720,2021,1042
290730,2021,340
290740,2021,52
290750,2021,496
290755,2021,76
290760,2021,234
290770,2021,166
290780,2021,332
290790,2021,272
290800,2021,225
290810,2021,219
290820,2021,182
290830,2021,182
290840,2021,995
290850,2021,289
290860,2021,347
290870,2021,167
290880,2021,38
290890,2021,214
290900,2021,67
290910,2021,137
290920,2021,166
290930,2021,461
290940,2021,189
290950,2021,56
290960,2021,250
290970,2021,154
290980,2021,690
290990,2021,547
291000,2021,144
291005,2021,942
291010,2021,140
291020,2021,37
291030,2021,76
291040,2021,246
291050,2021,489
291060,2021,423
291070,2021,747
291072,2021,1657
291075,2021,203
291077,2021,64
291080,2021,9383
291085,2021,240
291090,2021,49
291100,2021,80
291110,2021,452
291120,2021,429
291125,2021,41
291130,2021,127
291140,2021,247
291150,2021,69
291160,2021,261
291165,2021,49
291170,2021,1198
291180,2021,202
291185,2021,123
291190,2021,342
291200,2021,100
291210,2021,225
291220,2021,287
291230,2021,124
291240,2021,205
291250,2021,135
291260,2021,51
291270,2021,305
291280,2021,109
291290,2021,307
291300,2021,144
291310,2021,212
291320,2021,381
291330,2021,54
291340,2021,136
291345,2021,162
291350,2021,326
291360,2021,2142
291370,2021,419
291380,2021,128
291390,2021,615
291400,2021,650
291410,2021,91
291420,2021,65
291430,2021,93
291440,2021,385
291450,2021,252
291460,2021,1336
291465,2021,519
291470,2021,844
291480,2021,2348
291490,2021,438
291500,2021,201
291510,2021,161
291520,2021,194
291530,2021,61
291535,2021,177
291540,2021,74
291550,2021,197
291560,2021,945
291570,2021,146
291580,2021,284
291590,2021,88
291600,2021,178
291610,2021,296
291620,2021,116
291630,2021,122
291640,2021,1007
291650,2021,361
291660,2021,71
291670,2021,87
291680,2021,194
291685,2021,176
291690,2021,128
291700,2021,441
291710,2021,212
291720,2021,223
291730,2021,291
291733,2021,141
291735,2021,148
291740,2021,125
291750,2021,1310
291760,2021,646
291770,2021,442
291780,2021,199
291790,2021,129
291800,2021,2157
291810,2021,496
291820,2021,158
291830,2021,178
291835,2021,346
291840,2021,4014
291845,2021,104
291850,2021,208
291855,2021,51
291860,2021,65
291870,2021,43
291875,2021,137
291880,2021,254
291890,2021,47
291900,2021,55
291905,2021,70
291910,2021,110
291915,2021,425
291920,2021,2870
291930,2021,132
291940,2021,118
291950,2021,481
291955,2021,2026
291960,2021,124
291970,2021,178
291980,2021,531
291990,2021,88
291992,2021,203
291995,2021,79
292000,2021,116
292010,2021,179
292020,2021,251
292030,2021,89
292040,2021,177
292045,2021,79
292050,2021,316
292060,2021,430
292070,2021,283
292080,2021,88
292090,2021,125
292100,2021,717
292105,2021,141
292110,2021,321
292120,2021,329
292130,2021,146
292140,2021,192
292145,2021,90
292150,2021,656
292160,2021,101
292170,2021,449
292180,2021,108
292190,2021,159
292200,2021,619
292205,2021,201
292210,2021,156
292220,2021,71
292225,2021,175
292230,2021,325
292240,2021,264
292250,2021,277
292260,2021,168
292265,2021,166
292270,2021,153
292273,2021,80
292275,2021,50
292280,2021,112
292285,2021,70
292290,2021,323
292300,2021,514
292303,2021,134
292305,2021,97
292310,2021,284
292320,2021,292
292330,2021,97
292335,2021,252
292340,2021,235
292350,2021,164
292360,2021,254
292370,2021,382
292380,2021,252
292390,2021,136
292400,2021,1670
292405,2021,140
292410,2021,57
292420,2021,206
292430,2021,252
292440,2021,569
292450,2021,187
292460,2021,252
292465,2021,88
292467,2021,84
292470,2021,94
292480,2021,231
292490,2021,75
292500,2021,262
292510,2021,600
292520,2021,449
292525,2021,289
292530,2021,2777
292540,2021,110
292550,2021,563
292560,2021,138
292570,2021,133
292575,2021,406
292580,2021,328
292590,2021,332
292593,2021,92
292595,2021,222
292600,2021,599
292610,2021,168
292620,2021,271
292630,2021,390
292640,2021,315
292650,2021,187
292660,2021,741
292665,2021,91
292670,2021,141
292680,2021,113
292690,2021,94
292700,2021,509
292710,2021,166
292720,2021,393
292730,2021,172
292740,2021,28598
292750,2021,219
292760,2021,194
292770,2021,461
292780,2021,58
292790,2021,106
292800,2021,520
292805,2021,163
292810,2021,490
292820,2021,296
292830,2021,58
292840,2021,381
292850,2021,122
292860,2021,628
292870,2021,1343
292880,2021,603
292890,2021,650
292895,2021,86
292900,2021,138
292905,2021,203
292910,2021,225
292920,2021,459
292925,2021,241
292930,2021,340
292935,2021,71
292937,2021,149
292940,2021,121
292950,2021,418
292960,2021,220
292970,2021,208
292975,2021,110
292980,2021,106
292990,2021,629
293000,2021,86
293010,2021,1001
293015,2021,593
293020,2021,521
293030,2021,240
293040,2021,108
293050,2021,1107
293060,2021,148
293070,2021,1746
293075,2021,214
293076,2021,127
293077,2021,387
293080,2021,216
293090,2021,125
293100,2021,221
293105,2021,201
293110,2021,69
293120,2021,268
293130,2021,194
293135,2021,2477
293140,2021,56
293150,2021,269
293160,2021,166
293170,2021,93
293180,2021,178
293190,2021,599
293200,2021,267
293210,2021,210
293220,2021,220
293230,2021,198
293240,2021,124
293245,2021,175
293250,2021,235
293260,2021,179
293270,2021,322
293280,2021,229
293290,2021,1279
293300,2021,251
293305,2021,117
293310,2021,89
293315,2021,188
293317,2021,119
293320,2021,536
293325,2021,91
293330,2021,5242
293340,2021,91
293345,2021,175
293350,2021,358
293360,2021,901
310010,2021,47
310020,2021,200
310030,2021,172
310040,2021,46
310050,2021,70
310060,2021,142
310070,2021,20
310080,2021,40
310090,2021,294
310100,2021,165
310110,2021,324
310120,2021,62
310130,2021,24
310140,2021,28
310150,2021,340
310160,2021,954
310163,2021,86
310170,2021,570
310180,2021,81
310190,2021,218
310200,2021,146
310205,2021,83
310210,2021,94
310220,2021,50
310230,2021,133
310240,2021,53
310250,2021,44
310260,2021,465
310270,2021,85
310280,2021,115
310285,2021,126
310290,2021,110
310300,2021,89
310310,2021,9
310320,2021,10
310330,2021,17
310340,2021,425
310350,2021,1255
310360,2021,34
310370,2021,117
310375,2021,128
310380,2021,21
310390,2021,112
310400,2021,1440
310410,2021,54
310420,2021,480
310430,2021,137
310440,2021,26
310445,2021,63
310450,2021,197
310460,2021,100
310470,2021,143
310480,2021,44
310490,2021,177
310500,2021,70
310510,2021,231
310520,2021,45
310530,2021,71
310540,2021,374
310550,2021,48
310560,2021,1346
310570,2021,55
310590,2021,239
310600,2021,111
310610,2021,30
310620,2021,25028
310630,2021,329
310640,2021,96
310650,2021,79
310660,2021,86
310665,2021,57
310670,2021,5592
310680,2021,19
310690,2021,142
310700,2021,21
310710,2021,468
310720,2021,25
310730,2021,634
310740,2021,651
310750,2021,54
310760,2021,50
310770,2021,72
310780,2021,169
310790,2021,161
310800,2021,146
310810,2021,41
310820,2021,46
310825,2021,134
310830,2021,150
310840,2021,129
310850,2021,61
310855,2021,244
310860,2021,494
310870,2021,36
310880,2021,58
310890,2021,144
310900,2021,508
310910,2021,88
310920,2021,95
310925,2021,37
310930,2021,362
310940,2021,311
310945,2021,57
310950,2021,112
310960,2021,32
310970,2021,117
310980,2021,14
310990,2021,111
311000,2021,405
311010,2021,53
311020,2021,49
311030,2021,89
311040,2021,41
311050,2021,265
311060,2021,295
311070,2021,152
311080,2021,27
311090,2021,177
311100,2021,232
311110,2021,148
311115,2021,31
311120,2021,583
311130,2021,119
311140,2021,99
311150,2021,170
311160,2021,275
311170,2021,39
311180,2021,119
311190,2021,46
311200,2021,110
311205,2021,54
311210,2021,86
311220,2021,47
311230,2021,589
311240,2021,76
311250,2021,105
311260,2021,164
311265,2021,50
311270,2021,210
311280,2021,131
311290,2021,130
311300,2021,255
311310,2021,30
311320,2021,255
311330,2021,417
311340,2021,1137
311350,2021,91
311360,2021,67
311370,2021,230
311380,2021,34
311390,2021,125
311400,2021,90
311410,2021,136
311420,2021,272
311430,2021,278
311440,2021,215
311450,2021,216
311455,2021,82
311460,2021,56
311470,2021,25
311480,2021,42
311490,2021,22
311500,2021,35
311510,2021,212
311520,2021,30
311530,2021,651
311535,2021,69
311540,2021,35
311545,2021,123
311547,2021,48
311550,2021,211
311560,2021,6
311570,2021,80
311580,2021,109
311590,2021,32
311600,2021,78
311610,2021,94
311615,2021,207
311620,2021,29
311630,2021,43
311640,2021,13
311650,2021,62
311660,2021,365
311670,2021,61
311680,2021,115
311690,2021,27
311700,2021,47
311710,2021,110
311720,2021,26
311730,2021,351
311740,2021,50
311750,2021,285
311760,2021,63
311770,2021,146
311780,2021,104
311783,2021,77
311787,2021,89
311790,2021,124
311800,2021,715
311810,2021,65
311820,2021,55
311830,2021,1560
311840,2021,233
311850,2021,18
311860,2021,7564
311870,2021,87
311880,2021,259
311890,2021,71
311900,2021,40
311910,2021,283
311920,2021,86
311930,2021,295
311940,2021,1218
311950,2021,98
311960,2021,23
311970,2021,36
311980,2021,21
311990,2021,23
311995,2021,46
312000,2021,30
312010,2021,50
312015,2021,98
312020,2021,122
312030,2021,93
312040,2021,59
312050,2021,110
312060,2021,43
312070,2021,47
312080,2021,195
312083,2021,79
312087,2021,97
312090,2021,957
312100,2021,63
312110,2021,84
312120,2021,98
312125,2021,141
312130,2021,48
312140,2021,74
312150,2021,25
312160,2021,649
312170,2021,38
312180,2021,40
312190,2021,52
312200,2021,268
312210,2021,55
312220,2021,93
312230,2021,2601
312235,2021,64
312240,2021,74
312245,2021,81
312247,2021,57
312250,2021,60
312260,2021,65
312270,2021,40
312280,2021,25
312290,2021,67
312300,2021,107
312310,2021,66
312320,2021,108
312330,2021,37
312340,2021,12
312350,2021,14
312352,2021,150
312360,2021,319
312370,2021,128
312380,2021,84
312385,2021,76
312390,2021,183
312400,2021,247
312410,2021,1006
312420,2021,328
312430,2021,378
312440,2021,105
312450,2021,110
312460,2021,21
312470,2021,18
312480,2021,83
312490,2021,97
312500,2021,57
312510,2021,774
312520,2021,19
312530,2021,33
312540,2021,68
312550,2021,17
312560,2021,81
312570,2021,132
312580,2021,22
312590,2021,79
312595,2021,137
312600,2021,73
312610,2021,667
312620,2021,97
312630,2021,31
312640,2021,45
312650,2021,62
312660,2021,45
312670,2021,239
312675,2021,53
312680,2021,87
312690,2021,103
312695,2021,36
312700,2021,118
312705,2021,56
312707,2021,54
312710,2021,689
312720,2021,43
312730,2021,83
312733,2021,54
312735,2021,27
312737,2021,39
312738,2021,20
312740,2021,45
312750,2021,65
312760,2021,141
312770,2021,3477
312780,2021,148
312790,2021,16
312800,2021,416
312810,2021,116
312820,2021,65
312825,2021,45
312830,2021,250
312840,2021,78
312850,2021,45
312860,2021,72
312870,2021,529
312880,2021,92
312890,2021,114
312900,2021,67
312910,2021,25
312920,2021,67
312930,2021,136
312940,2021,54
312950,2021,245
312960,2021,96
312965,2021,62
312970,2021,129
312980,2021,2311
312990,2021,32
313000,2021,17
313005,2021,120
313010,2021,629
313020,2021,154
313030,2021,62
313040,2021,77
313050,2021,137
313055,2021,84
313060,2021,77
313065,2021,65
313070,2021,56
313080,2021,22
313090,2021,255
313100,2021,72
313110,2021,65
313115,2021,247
313120,2021,228
313130,2021,2900
313140,2021,42
313150,2021,96
313160,2021,82
313170,2021,1279
313180,2021,160
313190,2021,743
313200,2021,40
313210,2021,259
313220,2021,170
313230,2021,207
313240,2021,1089
313250,2021,447
313260,2021,38
313270,2021,308
313280,2021,19
313290,2021,106
313300,2021,183
313310,2021,178
313320,2021,144
313330,2021,249
313340,2021,94
313350,2021,179
313360,2021,126
313370,2021,126
313375,2021,151
313380,2021,1023
313390,2021,49
313400,2021,141
313410,2021,84
313420,2021,1034
313430,2021,68
313440,2021,497
313450,2021,51
313460,2021,210
313470,2021,125
313480,2021,84
313490,2021,298
313500,2021,23
313505,2021,580
313507,2021,54
313510,2021,1044
313520,2021,960
313530,2021,60
313535,2021,92
313540,2021,54
313545,2021,61
313550,2021,127
313560,2021,65
313570,2021,59
313580,2021,255
313590,2021,55
313600,2021,199
313610,2021,34
313620,2021,886
313630,2021,694
313640,2021,40
313650,2021,103
313652,2021,33
313655,2021,58
313657,2021,54
313660,2021,73
313665,2021,357
313670,2021,5653
313680,2021,43
313690,2021,118
313695,2021,79
313700,2021,163
313710,2021,52
313720,2021,623
313730,2021,43
313740,2021,143
313750,2021,195
313753,2021,91
313760,2021,817
313770,2021,310
313780,2021,223
313790,2021,21
313800,2021,43
313810,2021,97
313820,2021,1309
313830,2021,34
313835,2021,52
313840,2021,527
313850,2021,40
313860,2021,169
313862,2021,95
313865,2021,101
313867,2021,112
313868,2021,78
313870,2021,48
313880,2021,202
313890,2021,75
313900,2021,401
313910,2021,61
313920,2021,196
313925,2021,46
313930,2021,304
313940,2021,1356
313950,2021,255
313960,2021,355
313970,2021,79
313980,2021,153
313990,2021,149
314000,2021,864
314010,2021,54
314015,2021,208
314020,2021,37
314030,2021,46
314040,2021,28
314050,2021,133
314053,2021,161
314055,2021,98
314060,2021,54
314070,2021,458
314080,2021,135
314085,2021,142
314090,2021,263
314100,2021,149
314110,2021,443
314120,2021,28
314130,2021,41
314140,2021,287
314150,2021,59
314160,2021,89
314170,2021,52
314180,2021,278
314190,2021,36
314200,2021,150
314210,2021,80
314220,2021,141
314225,2021,50
314230,2021,73
314240,2021,100
314250,2021,17
314260,2021,88
314270,2021,196
314280,2021,229
314290,2021,200
314300,2021,115
314310,2021,504
314315,2021,64
314320,2021,234
314330,2021,5850
314340,2021,163
314345,2021,102
314350,2021,105
314360,2021,24
314370,2021,25
314380,2021,68
314390,2021,1293
314400,2021,324
314410,2021,241
314420,2021,18
314430,2021,463
314435,2021,123
314437,2021,41
314440,2021,34
314450,2021,71
314460,2021,240
314465,2021,120
314467,2021,40
314470,2021,197
314480,2021,1334
314490,2021,43
314500,2021,171
314505,2021,109
314510,2021,231
314520,2021,1712
314530,2021,368
314535,2021,141
314537,2021,67
314540,2021,23
314545,2021,56
314550,2021,32
314560,2021,379
314570,2021,18
314580,2021,20
314585,2021,54
314587,2021,119
314590,2021,478
314600,2021,334
314610,2021,809
314620,2021,101
314625,2021,64
314630,2021,240
314640,2021,21
314650,2021,91
314655,2021,71
314660,2021,14
314670,2021,63
314675,2021,63
314690,2021,174
314700,2021,1301
314710,2021,1148
314720,2021,248
314730,2021,208
314740,2021,297
314750,2021,12
314760,2021,164
314770,2021,45
314780,2021,17
314790,2021,1337
314795,2021,46
314800,2021,1712
314810,2021,1157
314820,2021,58
314830,2021,77
314840,2021,45
314850,2021,83
314860,2021,224
314870,2021,270
314875,2021,109
314880,2021,32
314890,2021,31
314900,2021,33
314910,2021,102
314915,2021,107
314920,2021,22
314930,2021,713
314940,2021,15
314950,2021,27
314960,2021,41
314970,2021,173
314980,2021,219
314990,2021,190
314995,2021,96
315000,2021,39
315010,2021,20
315015,2021,167
315020,2021,51
315030,2021,44
315040,2021,48
315050,2021,75
315053,2021,54
315057,2021,97
315060,2021,58
315070,2021,80
315080,2021,143
315090,2021,56
315100,2021,119
315110,2021,140
315120,2021,721
315130,2021,116
315140,2021,318
315150,2021,380
315160,2021,125
315170,2021,139
315180,2021,1765
315190,2021,106
315200,2021,414
315210,2021,712
315213,2021,66
315217,2021,148
315220,2021,454
315230,2021,93
315240,2021,179
315250,2021,1959
315260,2021,58
315270,2021,85
315280,2021,358
315290,2021,84
315300,2021,46
315310,2021,34
315320,2021,36
315330,2021,36
315340,2021,189
315350,2021,112
315360,2021,153
315370,2021,26
315380,2021,16
315390,2021,183
315400,2021,234
315410,2021,78
315415,2021,114
315420,2021,115
315430,2021,219
315440,2021,42
315445,2021,82
315450,2021,117
315460,2021,4294
315470,2021,37
315480,2021,113
315490,2021,116
315500,2021,28
315510,2021,42
315520,2021,41
315530,2021,40
315540,2021,85
315550,2021,172
315560,2021,383
315570,2021,121
315580,2021,200
315590,2021,54
315600,2021,102
315610,2021,29
315620,2021,18
315630,2021,113
315640,2021,37
315645,2021,49
315650,2021,53
315660,2021,76
315670,2021,1518
315680,2021,173
315690,2021,303
315700,2021,496
315710,2021,64
315720,2021,376
315725,2021,95
315727,2021,23
315730,2021,31
315733,2021,88
315737,2021,45
315740,2021,45
315750,2021,57
315760,2021,42
315765,2021,105
315770,2021,220
315780,2021,2819
315790,2021,265
315800,2021,136
315810,2021,52
315820,2021,172
315830,2021,67
315840,2021,28
315850,2021,62
315860,2021,36
315870,2021,16
315880,2021,53
315890,2021,155
315895,2021,757
315900,2021,65
315910,2021,27
315920,2021,50
315930,2021,47
315935,2021,105
315940,2021,35
315950,2021,93
315960,2021,478
315970,2021,48
315980,2021,247
315990,2021,176
316000,2021,39
316010,2021,45
316020,2021,44
316030,2021,111
316040,2021,370
316045,2021,79
316050,2021,20
316060,2021,23
316070,2021,425
316080,2021,73
316090,2021,38
316095,2021,86
316100,2021,165
316105,2021,38
316110,2021,751
316120,2021,54
316130,2021,47
316140,2021,43
316150,2021,111
316160,2021,39
316165,2021,36
316170,2021,61
316180,2021,148
316190,2021,133
316200,2021,318
316210,2021,707
316220,2021,89
316225,2021,60
316230,2021,33
316240,2021,278
316245,2021,269
316250,2021,906
316255,2021,162
316257,2021,67
316260,2021,83
316265,2021,32
316270,2021,247
316280,2021,203
316290,2021,280
316292,2021,436
316294,2021,92
316295,2021,331
316300,2021,75
316310,2021,36
316320,2021,61
316330,2021,43
316340,2021,50
316350,2021,94
316360,2021,37
316370,2021,521
316380,2021,59
316390,2021,51
316400,2021,65
316410,2021,40
316420,2021,93
316430,2021,89
316440,2021,91
316443,2021,30
316447,2021,96
316450,2021,102
316460,2021,151
316470,2021,797
316480,2021,16
316490,2021,21
316500,2021,114
316510,2021,84
316520,2021,61
316530,2021,84
316540,2021,73
316550,2021,77
316553,2021,480
316555,2021,151
316556,2021,17
316557,2021,124
316560,2021,27
316570,2021,68
316580,2021,19
316590,2021,30
316600,2021,44
316610,2021,25
316620,2021,100
316630,2021,120
316640,2021,19
316650,2021,58
316660,2021,5
316670,2021,106
316680,2021,187
316690,2021,86
316695,2021,37
316700,2021,26
316710,2021,245
316720,2021,2625
316730,2021,31
316740,2021,45
316750,2021,32
316760,2021,283
316770,2021,63
316780,2021,57
316790,2021,37
316800,2021,467
316805,2021,44
316810,2021,56
316820,2021,11
316830,2021,30
316840,2021,152
316850,2021,107
316860,2021,1816
316870,2021,864
316880,2021,86
316890,2021,97
316900,2021,143
316905,2021,28
316910,2021,69
316920,2021,83
316930,2021,937
316935,2021,355
316940,2021,717
316950,2021,72
316960,2021,229
316970,2021,240
316980,2021,68
316990,2021,1215
317000,2021,176
317005,2021,139
317010,2021,3789
317020,2021,8559
317030,2021,40
317040,2021,1192
317043,2021,31
317047,2021,32
317050,2021,142
317052,2021,106
317057,2021,71
317060,2021,27
317065,2021,55
317070,2021,1693
317075,2021,99
317080,2021,438
317090,2021,277
317100,2021,235
317103,2021,121
317107,2021,69
317110,2021,37
317115,2021,48
317120,2021,1685
317130,2021,926
317140,2021,29
317150,2021,44
317160,2021,122
317170,2021,94
317180,2021,129
317190,2021,53
317200,2021,469
317210,2021,40
317220,2021,27
320010,2021,421
320013,2021,120
320016,2021,160
320020,2021,347
320030,2021,139
320035,2021,101
320040,2021,389
320050,2021,75
320060,2021,1451
320070,2021,145
320080,2021,380
320090,2021,635
320100,2021,166
320110,2021,109
320115,2021,204
320120,2021,2550
320130,2021,5263
320140,2021,407
320150,2021,1491
320160,2021,390
320170,2021,178
320180,2021,59
320190,2021,444
320200,2021,86
320210,2021,268
320220,2021,271
320225,2021,128
320230,2021,431
320240,2021,1820
320245,2021,368
320250,2021,147
320255,2021,130
320260,2021,118
320265,2021,179
320270,2021,142
320280,2021,556
320290,2021,104
320300,2021,446
320305,2021,457
320310,2021,150
320313,2021,170
320316,2021,96
320320,2021,2612
320330,2021,174
320332,2021,539
320334,2021,249
320335,2021,146
320340,2021,307
320350,2021,254
320360,2021,87
320370,2021,199
320380,2021,179
320390,2021,655
320400,2021,225
320405,2021,395
320410,2021,345
320420,2021,313
320425,2021,94
320430,2021,203
320435,2021,289
320440,2021,116
320450,2021,117
320455,2021,715
320460,2021,313
320465,2021,105
320470,2021,390
320480,2021,136
320490,2021,1858
320495,2021,114
320500,2021,7427
320501,2021,455
320503,2021,246
320506,2021,338
320510,2021,1008
320515,2021,104
320517,2021,211
320520,2021,5934
320530,2021,3949
330010,2021,2146
330015,2021,126
330020,2021,1657
330022,2021,135
330023,2021,665
330025,2021,404
330030,2021,1027
330040,2021,1838
330045,2021,6164
330050,2021,315
330060,2021,492
330070,2021,2554
330080,2021,644
330090,2021,129
330093,2021,123
330095,2021,113
330100,2021,6776
330110,2021,212
330115,2021,133
330120,2021,196
330130,2021,553
330140,2021,257
330150,2021,226
330160,2021,66
330170,2021,11315
330180,2021,114
330185,2021,679
330187,2021,312
330190,2021,2702
330200,2021,1576
330205,2021,183
330210,2021,225
330220,2021,1108
330225,2021,342
330227,2021,1262
330230,2021,93
330240,2021,3410
330245,2021,79
330250,2021,3263
330260,2021,482
330270,2021,2031
330280,2021,167
330285,2021,2037
330290,2021,285
330300,2021,337
330310,2021,169
330320,2021,1428
330330,2021,5363
330340,2021,1945
330350,2021,10530
330360,2021,520
330370,2021,496
330380,2021,565
330385,2021,359
330390,2021,3292
330395,2021,300
330400,2021,321
330410,2021,197
330411,2021,265
330412,2021,138
330414,2021,2010
330415,2021,313
330420,2021,1594
330430,2021,681
330440,2021,193
330450,2021,111
330452,2021,1851
330455,2021,68874
330460,2021,91
330470,2021,459
330475,2021,620
330480,2021,423
330490,2021,9393
330500,2021,544
330510,2021,5082
330513,2021,112
330515,2021,275
330520,2021,1659
330530,2021,83
330540,2021,183
330550,2021,1120
330555,2021,1048
330560,2021,242
330570,2021,225
330575,2021,398
330580,2021,2013
330590,2021,101
330600,2021,1002
330610,2021,744
330615,2021,131
330620,2021,487
330630,2021,2951
350010,2021,350
350020,2021,44
350030,2021,367
350040,2021,62
350050,2021,224
350055,2021,72
350060,2021,28
350070,2021,488
350075,2021,70
350080,2021,49
350090,2021,37
350100,2021,182
350110,2021,32
350115,2021,222
350120,2021,29
350130,2021,302
350140,2021,29
350150,2021,33
350160,2021,2402
350170,2021,410
350180,2021,52
350190,2021,775
350200,2021,40
350210,2021,650
350220,2021,336
350230,2021,69
350240,2021,38
350250,2021,352
350260,2021,40
350270,2021,300
350275,2021,316
350280,2021,2109
350290,2021,354
350300,2021,56
350310,2021,85
350315,2021,19
350320,2021,2606
350330,2021,1423
350335,2021,18
350340,2021,86
350350,2021,55
350360,2021,116
350370,2021,90
350380,2021,623
350390,2021,1339
350395,2021,20
350400,2021,1028
350410,2021,2005
350420,2021,128
350430,2021,64
350440,2021,130
350450,2021,1136
350460,2021,355
350470,2021,14
350480,2021,82
350490,2021,89
350500,2021,49
350510,2021,72
350520,2021,359
350530,2021,329
350535,2021,78
350540,2021,82
350550,2021,1404
350560,2021,380
350570,2021,5216
350580,2021,266
350590,2021,673
350600,2021,4282
350610,2021,782
350620,2021,27
350630,2021,105
350635,2021,980
350640,2021,46
350650,2021,1273
350660,2021,360
350670,2021,171
350680,2021,115
350690,2021,109
350700,2021,753
350710,2021,283
350715,2021,64
350720,2021,6
350730,2021,69
350740,2021,115
350745,2021,34
350750,2021,1606
350760,2021,2099
350770,2021,71
350775,2021,26
350780,2021,306
350790,2021,290
350800,2021,269
350810,2021,154
350820,2021,38
350830,2021,40
350840,2021,742
350850,2021,1096
350860,2021,342
350870,2021,183
350880,2021,195
350890,2021,46
350900,2021,1256
350910,2021,34
350920,2021,1287
350925,2021,421
350930,2021,87
350940,2021,315
350945,2021,63
350950,2021,12839
350960,2021,883
350970,2021,623
350980,2021,59
350990,2021,168
350995,2021,80
351000,2021,332
351010,2021,21
351015,2021,89
351020,2021,631
351030,2021,289
351040,2021,608
351050,2021,1596
351060,2021,5611
351070,2021,88
351080,2021,242
351090,2021,13
351100,2021,212
351110,2021,1164
351120,2021,75
351130,2021,139
351140,2021,242
351150,2021,451
351160,2021,226
351170,2021,186
351190,2021,81
351200,2021,235
351210,2021,87
351220,2021,385
351230,2021,192
351240,2021,251
351250,2021,38
351260,2021,44
351270,2021,38
351280,2021,665
351290,2021,78
351300,2021,3809
351310,2021,371
351320,2021,120
351330,2021,22
351340,2021,871
351350,2021,1399
351360,2021,226
351370,2021,325
351380,2021,4482
351385,2021,15
351390,2021,112
351400,2021,93
351410,2021,273
351420,2021,30
351430,2021,81
351440,2021,419
351450,2021,141
351460,2021,111
351470,2021,66
351480,2021,203
351490,2021,185
351492,2021,29
351495,2021,23
351500,2021,3592
351510,2021,787
351512,2021,20
351515,2021,272
351518,2021,397
351519,2021,61
351520,2021,99
351530,2021,17
351535,2021,80
351540,2021,214
351550,2021,734
351560,2021,56
351565,2021,19
351570,2021,2430
351580,2021,12
351590,2021,17
351600,2021,90
351610,2021,22
351620,2021,4219
351630,2021,2684
351640,2021,2035
351650,2021,24
351660,2021,54
351670,2021,490
351680,2021,31
351685,2021,61
351690,2021,94
351700,2021,87
351710,2021,52
351720,2021,122
351730,2021,61
351740,2021,425
351750,2021,255
351760,2021,209
351770,2021,191
351780,2021,69
351790,2021,105
351800,2021,17
351810,2021,70
351820,2021,317
351830,2021,392
351840,2021,1380
351850,2021,125
351860,2021,411
351870,2021,3804
351880,2021,18279
351885,2021,80
351890,2021,49
351900,2021,121
351905,2021,206
351907,2021,2742
351910,2021,124
351920,2021,49
351925,2021,63
351930,2021,472
351940,2021,121
351950,2021,74
351960,2021,720
351970,2021,982
351980,2021,80
351990,2021,97
352000,2021,231
352010,2021,285
352020,2021,138
352030,2021,298
352040,2021,459
352042,2021,113
352044,2021,250
352050,2021,3105
352060,2021,54
352070,2021,35
352080,2021,36
352090,2021,154
352100,2021,344
352110,2021,83
352115,2021,68
352120,2021,60
352130,2021,178
352140,2021,234
352150,2021,70
352160,2021,58
352170,2021,223
352180,2021,278
352190,2021,195
352200,2021,44
352210,2021,1285
352215,2021,46
352220,2021,2252
352230,2021,1892
352240,2021,1304
352250,2021,3634
352260,2021,709
352265,2021,57
352270,2021,409
352280,2021,151
352290,2021,218
352300,2021,33
352310,2021,5076
352320,2021,563
352330,2021,161
352340,2021,1326
352350,2021,255
352360,2021,162
352370,2021,87
352380,2021,81
352390,2021,2131
352400,2021,846
352410,2021,386
352420,2021,57
352430,2021,728
352440,2021,2587
352450,2021,84
352460,2021,225
352470,2021,728
352480,2021,475
352490,2021,71
352500,2021,1456
352510,2021,535
352520,2021,451
352530,2021,1409
352540,2021,58
352550,2021,124
352560,2021,52
352570,2021,449
352580,2021,60
352585,2021,43
352590,2021,5533
352600,2021,199
352610,2021,217
352620,2021,350
352630,2021,47
352640,2021,354
352650,2021,32
352660,2021,94
352670,2021,1019
352680,2021,837
352690,2021,3198
352700,2021,85
352710,2021,814
352720,2021,1101
352725,2021,16
352730,2021,740
352740,2021,179
352750,2021,28
352760,2021,170
352770,2021,72
352780,2021,44
352790,2021,38
352800,2021,203
352810,2021,63
352820,2021,41
352830,2021,18
352840,2021,613
352850,2021,1016
352860,2021,103
352870,2021,35
352880,2021,142
352885,2021,31
352890,2021,37
352900,2021,2786
352910,2021,15
352920,2021,275
352930,2021,794
352940,2021,4562
352950,2021,57
352960,2021,39
352965,2021,23
352970,2021,216
352980,2021,113
352990,2021,279
353000,2021,29
353010,2021,242
353020,2021,167
353030,2021,703
353040,2021,65
353050,2021,695
353060,2021,5662
353070,2021,1696
353080,2021,941
353090,2021,53
353100,2021,15
353110,2021,747
353120,2021,65
353130,2021,454
353140,2021,190
353150,2021,216
353160,2021,44
353170,2021,40
353180,2021,880
353190,2021,300
353200,2021,148
353205,2021,36
353210,2021,26
353215,2021,31
353220,2021,91
353230,2021,56
353240,2021,232
353250,2021,84
353260,2021,74
353270,2021,59
353280,2021,86
353282,2021,116
353284,2021,12
353286,2021,5
353290,2021,113
353300,2021,235
353310,2021,22
353320,2021,49
353325,2021,57
353330,2021,23
353340,2021,681
353350,2021,405
353360,2021,87
353370,2021,58
353380,2021,26
353390,2021,636
353400,2021,65
353410,2021,62
353420,2021,74
353430,2021,436
353440,2021,8381
353450,2021,16
353460,2021,306
353470,2021,1174
353475,2021,82
353480,2021,100
353490,2021,95
353500,2021,134
353510,2021,118
353520,2021,80
353530,2021,211
353540,2021,181
353550,2021,475
353560,2021,206
353570,2021,55
353580,2021,268
353590,2021,56
353600,2021,102
353610,2021,81
353620,2021,264
353625,2021,29
353630,2021,220
353640,2021,118
353650,2021,1326
353657,2021,23
353660,2021,67
353670,2021,533
353680,2021,77
353690,2021,25
353700,2021,192
353710,2021,453
353715,2021,20
353720,2021,102
353730,2021,679
353740,2021,257
353750,2021,90
353760,2021,897
353770,2021,47
353780,2021,640
353790,2021,395
353800,2021,2213
353810,2021,140
353820,2021,157
353830,2021,33
353850,2021,118
353860,2021,297
353870,2021,4728
353880,2021,328
353890,2021,178
353900,2021,103
353910,2021,234
353920,2021,263
353930,2021,785
353940,2021,143
353950,2021,441
353960,2021,62
353970,2021,26
353980,2021,1251
353990,2021,64
354000,2021,201
354010,2021,20
354020,2021,473
354025,2021,52
354030,2021,29
354040,2021,34
354050,2021,90
354060,2021,631
354070,2021,569
354075,2021,241
354080,2021,205
354085,2021,13
354090,2021,170
354100,2021,4215
354105,2021,87
354110,2021,42
354120,2021,109
354130,2021,442
354140,2021,2505
354150,2021,332
354160,2021,348
354165,2021,47
354170,2021,142
354180,2021,62
354190,2021,122
354200,2021,93
354210,2021,117
354220,2021,313
354230,2021,45
354240,2021,187
354250,2021,55
354260,2021,783
354270,2021,100
354280,2021,45
354290,2021,118
354300,2021,266
354310,2021,49
354320,2021,52
354323,2021,16
354325,2021,92
354330,2021,1099
354340,2021,7750
354350,2021,52
354360,2021,42
354370,2021,108
354380,2021,76
354390,2021,2277
354400,2021,368
354410,2021,489
354420,2021,125
354425,2021,193
354430,2021,104
354440,2021,27
354450,2021,36
354460,2021,46
354470,2021,29
354480,2021,33
354490,2021,104
354500,2021,211
354510,2021,51
354515,2021,77
354520,2021,1607
354530,2021,455
354540,2021,119
354550,2021,46
354560,2021,154
354570,2021,70
354580,2021,2004
354600,2021,139
354610,2021,32
354620,2021,30
354625,2021,23
354630,2021,343
354640,2021,505
354650,2021,71
354660,2021,437
354670,2021,301
354680,2021,656
354690,2021,67
354700,2021,69
354710,2021,32
354720,2021,21
354730,2021,2287
354740,2021,26
354750,2021,218
354760,2021,199
354765,2021,18
354770,2021,190
354780,2021,7992
354790,2021,84
354800,2021,270
354805,2021,94
354810,2021,57
354820,2021,88
354830,2021,40
354840,2021,43
354850,2021,3884
354860,2021,127
354870,2021,8576
354880,2021,1397
354890,2021,2837
354900,2021,19
354910,2021,925
354920,2021,13
354925,2021,20
354930,2021,13
354940,2021,499
354950,2021,83
354960,2021,42
354970,2021,542
354980,2021,5206
354990,2021,8545
354995,2021,175
355000,2021,103
355010,2021,436
355020,2021,354
355030,2021,136732
355040,2021,396
355050,2021,85
355060,2021,897
355070,2021,1193
355080,2021,73
355090,2021,117
355100,2021,3880
355110,2021,106
355120,2021,45
355130,2021,32
355140,2021,109
355150,2021,527
355160,2021,295
355170,2021,1486
355180,2021,206
355190,2021,169
355200,2021,69
355210,2021,376
355220,2021,8677
355230,2021,88
355240,2021,3396
355250,2021,4188
355255,2021,47
355260,2021,100
355270,2021,182
355280,2021,3546
355290,2021,83
355300,2021,188
355310,2021,65
355320,2021,45
355330,2021,254
355340,2021,265
355350,2021,99
355360,2021,96
355365,2021,20
355370,2021,550
355380,2021,287
355385,2021,94
355390,2021,66
355395,2021,172
355400,2021,1513
355410,2021,3514
355420,2021,55
355430,2021,297
355440,2021,74
355450,2021,444
355460,2021,16
355465,2021,28
355470,2021,87
355475,2021,21
355480,2021,422
355490,2021,67
355495,2021,65
355500,2021,670
355510,2021,124
355520,2021,13
355530,2021,13
355535,2021,58
355540,2021,1290
355550,2021,76
355560,2021,104
355570,2021,24
355580,2021,78
355590,2021,14
355600,2021,136
355610,2021,154
355620,2021,1247
355630,2021,269
355635,2021,113
355640,2021,517
355645,2021,715
355650,2021,1241
355660,2021,79
355670,2021,824
355680,2021,206
355690,2021,104
355695,2021,18
355700,2021,1529
355710,2021,1108
355715,2021,25
355720,2021,149
355730,2021,127
410010,2021,79
410020,2021,76
410030,2021,148
410040,2021,1584
410045,2021,60
410050,2021,226
410060,2021,154
410070,2021,115
410080,2021,100
410090,2021,62
410100,2021,278
410105,2021,33
410110,2021,205
410115,2021,43
410120,2021,240
410130,2021,69
410140,2021,1518
410150,2021,1457
410160,2021,343
410165,2021,47
410170,2021,178
410180,2021,2034
410185,2021,24
410190,2021,131
410200,2021,443
410210,2021,295
410220,2021,35
410230,2021,162
410240,2021,382
410250,2021,110
410260,2021,119
410270,2021,27
410275,2021,34
410280,2021,170
410290,2021,274
410300,2021,62
410302,2021,17
410304,2021,72
410305,2021,109
410310,2021,189
410315,2021,42
410320,2021,96
410322,2021,40
410330,2021,67
410335,2021,51
410337,2021,47
410340,2021,17
410345,2021,324
410347,2021,61
410350,2021,116
410360,2021,286
410370,2021,1234
410380,2021,105
410390,2021,214
410395,2021,65
410400,2021,648
410405,2021,40
410410,2021,112
410420,2021,1516
410425,2021,386
410430,2021,1281
410440,2021,196
410442,2021,222
410445,2021,178
410450,2021,245
410460,2021,193
410465,2021,337
410470,2021,199
410480,2021,4905
410490,2021,1144
410500,2021,136
410510,2021,84
410520,2021,210
410530,2021,126
410540,2021,313
410550,2021,1009
410560,2021,164
410570,2021,259
410580,2021,3064
410590,2021,284
410600,2021,101
410610,2021,46
410620,2021,209
410630,2021,250
410640,2021,461
410645,2021,116
410650,2021,342
410655,2021,41
410657,2021,47
410660,2021,288
410670,2021,57
410680,2021,201
410685,2021,42
410690,2021,18575
410700,2021,165
410710,2021,46
410712,2021,51
410715,2021,53
410720,2021,612
410725,2021,119
410730,2021,71
410740,2021,71
410750,2021,140
410752,2021,26
410753,2021,55
410754,2021,62
410755,2021,31
410760,2021,216
410765,2021,2022
410770,2021,41
410773,2021,71
410775,2021,98
410780,2021,40
410785,2021,71
410790,2021,115
410800,2021,131
410810,2021,32
410820,2021,101
410830,2021,3936
410832,2021,124
410840,2021,1283
410845,2021,75
410850,2021,177
410855,2021,22
410860,2021,320
410865,2021,87
410870,2021,60
410880,2021,471
410890,2021,94
410895,2021,98
410900,2021,57
410910,2021,23
410920,2021,38
410930,2021,163
410940,2021,2723
410950,2021,98
410960,2021,519
410965,2021,60
410970,2021,364
410975,2021,79
410980,2021,576
410990,2021,90
411000,2021,59
411005,2021,19
411007,2021,185
411010,2021,498
411020,2021,171
411030,2021,22
411040,2021,58
411050,2021,180
411060,2021,216
411065,2021,22
411070,2021,700
411080,2021,122
411090,2021,64
411095,2021,167
411100,2021,59
411110,2021,64
411120,2021,142
411125,2021,479
411130,2021,42
411140,2021,191
411150,2021,340
411155,2021,74
411160,2021,24
411170,2021,56
411180,2021,580
411190,2021,180
411200,2021,481
411210,2021,252
411220,2021,67
411230,2021,75
411240,2021,75
411250,2021,134
411260,2021,17
411270,2021,156
411275,2021,82
411280,2021,173
411290,2021,44
411295,2021,113
411300,2021,73
411310,2021,45
411320,2021,549
411325,2021,86
411330,2021,449
411340,2021,33
411342,2021,44
411345,2021,62
411350,2021,304
411360,2021,49
411370,2021,6253
411373,2021,91
411375,2021,38
411380,2021,58
411390,2021,150
411400,2021,180
411410,2021,416
411420,2021,446
411430,2021,349
411435,2021,27
411440,2021,307
411450,2021,172
411460,2021,765
411470,2021,67
411480,2021,511
411490,2021,87
411500,2021,84
411510,2021,114
411520,2021,4466
411530,2021,85
411535,2021,65
411540,2021,217
411545,2021,57
411550,2021,53
411560,2021,283
411570,2021,496
411573,2021,47
411575,2021,177
411580,2021,770
411585,2021,51
411590,2021,33
411600,2021,16
411605,2021,120
411610,2021,120
411620,2021,200
411630,2021,50
411640,2021,44
411650,2021,23
411660,2021,37
411670,2021,129
411680,2021,89
411690,2021,282
411695,2021,53
411700,2021,78
411705,2021,165
411710,2021,142
411720,2021,68
411721,2021,56
411722,2021,107
411725,2021,120
411727,2021,92
411729,2021,35
411730,2021,361
411740,2021,32
411745,2021,89
411750,2021,615
411760,2021,827
411770,2021,454
411780,2021,186
411790,2021,498
411800,2021,179
411810,2021,126
411820,2021,2143
411830,2021,27
411840,2021,1137
411845,2021,82
411850,2021,1257
411860,2021,73
411870,2021,61
411880,2021,142
411885,2021,99
411890,2021,150
411900,2021,73
411910,2021,182
411915,2021,1517
411920,2021,109
411925,2021,32
411930,2021,508
411940,2021,287
411950,2021,1429
411960,2021,484
411965,2021,34
411970,2021,49
411980,2021,115
411990,2021,4727
411995,2021,316
412000,2021,98
412010,2021,38
412015,2021,31
412020,2021,39
412030,2021,42
412033,2021,49
412035,2021,77
412040,2021,46
412050,2021,96
412060,2021,638
412065,2021,45
412070,2021,99
412080,2021,293
412085,2021,49
412090,2021,453
412100,2021,162
412110,2021,66
412120,2021,225
412125,2021,61
412130,2021,27
412135,2021,25
412140,2021,236
412150,2021,178
412160,2021,105
412170,2021,390
412175,2021,117
412180,2021,135
412190,2021,156
412200,2021,193
412210,2021,26
412215,2021,225
412217,2021,44
412220,2021,542
412230,2021,345
412240,2021,830
412250,2021,149
412260,2021,113
412265,2021,54
412270,2021,128
412280,2021,57
412290,2021,59
412300,2021,187
412310,2021,50
412320,2021,46
412330,2021,109
412340,2021,139
412350,2021,313
412360,2021,23
412370,2021,88
412380,2021,170
412382,2021,56
412385,2021,151
412390,2021,138
412395,2021,38
412400,2021,50
412402,2021,180
412405,2021,342
412410,2021,580
412420,2021,25
412430,2021,17
412440,2021,244
412450,2021,101
412460,2021,79
412470,2021,152
412480,2021,134
412490,2021,92
412500,2021,117
412510,2021,173
412520,2021,119
412530,2021,45
412535,2021,94
412540,2021,60
412545,2021,37
412550,2021,4315
412555,2021,28
412560,2021,590
412570,2021,394
412575,2021,68
412580,2021,117
412590,2021,34
412600,2021,67
412610,2021,61
412620,2021,97
412625,2021,1529
412627,2021,89
412630,2021,227
412635,2021,54
412640,2021,48
412650,2021,168
412660,2021,292
412665,2021,39
412667,2021,147
412670,2021,61
412680,2021,166
412690,2021,61
412700,2021,99
412710,2021,1026
412720,2021,238
412730,2021,186
412740,2021,240
412750,2021,298
412760,2021,213
412770,2021,1959
412780,2021,83
412785,2021,135
412788,2021,98
412790,2021,119
412795,2021,72
412796,2021,213
412800,2021,297
412810,2021,1515
412820,2021,766
412830,2021,26
412840,2021,97
412850,2021,242
412853,2021,117
412855,2021,85
412860,2021,84
412862,2021,41
412863,2021,72
412865,2021,35
412870,2021,114
412880,2021,72
420005,2021,21
420010,2021,309
420020,2021,136
420030,2021,80
420040,2021,81
420050,2021,90
420055,2021,38
420060,2021,83
420070,2021,99
420075,2021,18
420080,2021,73
420090,2021,57
420100,2021,104
420110,2021,50
420120,2021,147
420125,2021,107
420127,2021,43
420130,2021,647
420140,2021,938
420150,2021,118
420160,2021,36
420165,2021,28
420170,2021,132
420180,2021,42
420190,2021,96
420195,2021,182
420200,2021,1640
420205,2021,168
420207,2021,181
420208,2021,25
420209,2021,19
420210,2021,548
420213,2021,64
420215,2021,40
420220,2021,99
420230,2021,945
420240,2021,4225
420243,2021,46
420245,2021,316
420250,2021,32
420253,2021,31
420257,2021,32
420260,2021,124
420270,2021,79
420280,2021,572
420285,2021,47
420287,2021,30
420290,2021,2057
420300,2021,1076
420310,2021,68
420315,2021,62
420320,2021,1489
420325,2021,33
420330,2021,126
420340,2021,86
420350,2021,153
420360,2021,525
420370,2021,153
420380,2021,777
420390,2021,337
420395,2021,279
420400,2021,175
420410,2021,54
420415,2021,27
420417,2021,50
420419,2021,31
420420,2021,3679
420425,2021,220
420430,2021,1089
420435,2021,48
420440,2021,120
420445,2021,22
420450,2021,163
420455,2021,200
420460,2021,2758
420470,2021,140
420475,2021,18
420480,2021,592
420490,2021,84
420500,2021,193
420510,2021,48
420515,2021,32
420517,2021,58
420519,2021,34
420520,2021,46
420530,2021,163
420535,2021,19
420540,2021,5902
420543,2021,39
420545,2021,436
420550,2021,513
420555,2021,25
420560,2021,34
420570,2021,347
420580,2021,301
420590,2021,893
420600,2021,165
420610,2021,92
420620,2021,134
420630,2021,304
420640,2021,104
420650,2021,664
420660,2021,49
420665,2021,123
420670,2021,277
420675,2021,12
420680,2021,33
420690,2021,242
420700,2021,692
420710,2021,204
420720,2021,91
420730,2021,600
420740,2021,69
420750,2021,955
420757,2021,21
420760,2021,48
420765,2021,127
420768,2021,143
420770,2021,103
420775,2021,47
420780,2021,124
420785,2021,15
420790,2021,146
420800,2021,81
420810,2021,320
420820,2021,3602
420830,2021,1054
420840,2021,253
420845,2021,357
420850,2021,402
420860,2021,55
420870,2021,141
420880,2021,295
420890,2021,2311
420895,2021,18
420900,2021,386
420910,2021,7388
420915,2021,116
420917,2021,49
420920,2021,22
420930,2021,2131
420940,2021,453
420945,2021,20
420950,2021,94
420960,2021,182
420970,2021,169
420980,2021,49
420985,2021,57
420990,2021,147
421000,2021,190
421003,2021,70
421005,2021,20
421010,2021,737
421020,2021,39
421030,2021,71
421040,2021,95
421050,2021,411
421055,2021,24
421060,2021,239
421070,2021,22
421080,2021,72
421085,2021,21
421090,2021,55
421100,2021,125
421105,2021,135
421110,2021,110
421120,2021,246
421125,2021,35
421130,2021,1420
421140,2021,68
421145,2021,42
421150,2021,134
421160,2021,144
421165,2021,24
421170,2021,300
421175,2021,236
421180,2021,69
421185,2021,18
421187,2021,27
421189,2021,25
421190,2021,2851
421200,2021,112
421205,2021,36
421210,2021,158
421220,2021,280
421223,2021,64
421225,2021,106
421227,2021,59
421230,2021,107
421240,2021,30
421250,2021,415
421260,2021,33
421265,2021,91
421270,2021,75
421280,2021,354
421290,2021,312
421300,2021,46
421310,2021,69
421315,2021,37
421320,2021,384
421330,2021,59
421335,2021,56
421340,2021,163
421350,2021,329
421360,2021,359
421370,2021,238
421380,2021,97
421390,2021,21
421400,2021,276
421410,2021,23
421415,2021,33
421420,2021,159
421430,2021,33
421440,2021,74
421450,2021,84
421460,2021,77
421470,2021,116
421480,2021,895
421490,2021,74
421500,2021,533
421505,2021,23
421507,2021,48
421510,2021,145
421520,2021,47
421530,2021,88
421535,2021,44
421540,2021,63
421545,2021,181
421550,2021,252
421555,2021,26
421560,2021,26
421565,2021,120
421567,2021,96
421568,2021,32
421569,2021,22
421570,2021,336
421575,2021,40
421580,2021,1029
421590,2021,26
421600,2021,125
421605,2021,81
421610,2021,130
421620,2021,621
421625,2021,72
421630,2021,465
421635,2021,61
421640,2021,89
421650,2021,355
421660,2021,3185
421670,2021,158
421680,2021,80
421690,2021,355
421700,2021,187
421710,2021,54
421715,2021,21
421720,2021,509
421725,2021,36
421730,2021,103
421740,2021,262
421750,2021,249
421755,2021,43
421760,2021,140
421770,2021,378
421775,2021,39
421780,2021,266
421790,2021,82
421795,2021,25
421800,2021,697
421810,2021,58
421820,2021,472
421825,2021,120
421830,2021,337
421835,2021,46
421840,2021,94
421850,2021,135
421860,2021,79
421870,2021,1352
421875,2021,61
421880,2021,168
421885,2021,33
421890,2021,138
421895,2021,38
421900,2021,203
421910,2021,46
421915,2021,33
421917,2021,62
421920,2021,68
421930,2021,810
421935,2021,85
421940,2021,52
421950,2021,665
421960,2021,26
421970,2021,447
421985,2021,62
422000,2021,226
430003,2021,55
430005,2021,52
430010,2021,136
430020,2021,52
430030,2021,56
430040,2021,830
430045,2021,21
430047,2021,16
430050,2021,56
430055,2021,19
430057,2021,19
430060,2021,2456
430063,2021,47
430064,2021,93
430066,2021,12
430070,2021,42
430080,2021,136
430085,2021,39
430087,2021,108
430090,2021,56
430100,2021,292
430105,2021,123
430107,2021,28
430110,2021,148
430120,2021,130
430130,2021,172
430140,2021,130
430150,2021,70
430155,2021,32
430160,2021,1430
430163,2021,130
430165,2021,57
430170,2021,80
430175,2021,52
430180,2021,62
430185,2021,46
430187,2021,42
430190,2021,146
430192,2021,7
430195,2021,27
430200,2021,113
430205,2021,37
430210,2021,1566
430215,2021,27
430220,2021,67
430222,2021,17
430223,2021,29
430225,2021,23
430230,2021,170
430235,2021,171
430237,2021,23
430240,2021,139
430245,2021,83
430250,2021,54
430258,2021,19
430260,2021,43
430265,2021,66
430270,2021,193
430280,2021,388
430290,2021,122
430300,2021,928
430310,2021,1618
430320,2021,54
430330,2021,48
430340,2021,38
430350,2021,722
430355,2021,34
430360,2021,66
430367,2021,27
430370,2021,54
430380,2021,53
430390,2021,763
430400,2021,64
430410,2021,45
430420,2021,305
430430,2021,61
430435,2021,129
430440,2021,631
430450,2021,527
430460,2021,4272
430461,2021,17
430462,2021,14
430463,2021,873
430465,2021,31
430466,2021,294
430467,2021,51
430468,2021,124
430469,2021,42
430470,2021,789
430471,2021,57
430480,2021,338
430485,2021,11
430490,2021,84
430495,2021,20
430500,2021,85
430510,2021,5229
430511,2021,27
430512,2021,48
430513,2021,25
430515,2021,33
430517,2021,98
430520,2021,138
430530,2021,85
430535,2021,317
430537,2021,29
430540,2021,31
430543,2021,24
430544,2021,52
430545,2021,189
430550,2021,42
430558,2021,19
430560,2021,28
430570,2021,79
430580,2021,111
430583,2021,10
430585,2021,32
430587,2021,23
430590,2021,72
430593,2021,11
430595,2021,24
430597,2021,32
430600,2021,126
430605,2021,86
430607,2021,25
430610,2021,791
430613,2021,16
430620,2021,118
430630,2021,34
430632,2021,32
430635,2021,26
430637,2021,28
430640,2021,326
430642,2021,28
430645,2021,22
430650,2021,128
430655,2021,27
430660,2021,366
430670,2021,26
430673,2021,37
430675,2021,10
430676,2021,544
430680,2021,249
430690,2021,249
430692,2021,18
430693,2021,95
430695,2021,21
430697,2021,29
430700,2021,1293
430705,2021,27
430710,2021,74
430720,2021,60
430730,2021,95
430740,2021,38
430745,2021,28
430750,2021,174
430755,2021,46
430760,2021,522
430770,2021,893
430780,2021,408
430781,2021,30
430783,2021,24
430786,2021,14
430790,2021,778
430800,2021,70
430805,2021,30
430807,2021,54
430810,2021,149
430820,2021,391
430825,2021,10
430830,2021,103
430840,2021,73
430843,2021,16
430845,2021,52
430850,2021,456
430860,2021,389
430865,2021,30
430870,2021,50
430880,2021,70
430885,2021,22
430890,2021,205
430900,2021,160
430905,2021,87
430910,2021,495
430912,2021,28
430915,2021,47
430920,2021,3034
430925,2021,7
430930,2021,1051
430940,2021,307
430950,2021,68
430955,2021,62
430957,2021,23
430960,2021,207
430965,2021,67
430970,2021,37
430975,2021,38
430980,2021,48
430990,2021,63
430995,2021,47
431000,2021,250
431010,2021,487
431020,2021,993
431030,2021,39
431033,2021,277
431036,2021,22
431040,2021,61
431041,2021,25
431043,2021,52
431046,2021,16
431050,2021,91
431053,2021,54
431055,2021,26
431057,2021,23
431060,2021,473
431065,2021,41
431070,2021,28
431075,2021,13
431080,2021,192
431085,2021,46
431087,2021,24
431090,2021,30
431100,2021,307
431110,2021,87
431112,2021,55
431113,2021,26
431115,2021,57
431120,2021,211
431123,2021,22
431125,2021,63
431127,2021,13
431130,2021,364
431140,2021,1200
431142,2021,26
431150,2021,60
431160,2021,65
431162,2021,75
431164,2021,10
431170,2021,58
431171,2021,56
431173,2021,51
431175,2021,59
431177,2021,87
431179,2021,31
431180,2021,563
431190,2021,38
431198,2021,42
431200,2021,12
431205,2021,38
431210,2021,34
431213,2021,45
431215,2021,48
431217,2021,16
431220,2021,31
431225,2021,78
431230,2021,56
431235,2021,14
431237,2021,39
431238,2021,19
431240,2021,812
431242,2021,33
431244,2021,36
431245,2021,41
431247,2021,53
431250,2021,156
431260,2021,30
431261,2021,28
431262,2021,26
431265,2021,227
431267,2021,28
431270,2021,196
431275,2021,47
431280,2021,78
431290,2021,81
431295,2021,19
431300,2021,24
431301,2021,29
431303,2021,44
431306,2021,246
431308,2021,17
431310,2021,46
431320,2021,239
431330,2021,276
431333,2021,26
431335,2021,27
431337,2021,412
431339,2021,35
431340,2021,2726
431342,2021,31
431344,2021,23
431346,2021,15
431349,2021,39
431350,2021,553
431360,2021,30
431365,2021,125
431370,2021,489
431380,2021,89
431390,2021,532
431395,2021,95
431400,2021,70
431402,2021,71
431403,2021,72
431405,2021,726
431406,2021,39
431407,2021,62
431410,2021,2766
431413,2021,13
431415,2021,77
431417,2021,23
431420,2021,72
431430,2021,42
431440,2021,3615
431442,2021,44
431445,2021,47
431446,2021,21
431447,2021,30
431449,2021,58
431450,2021,70
431454,2021,20
431455,2021,16
431460,2021,164
431470,2021,127
431475,2021,18
431477,2021,42
431478,2021,11
431480,2021,376
431490,2021,14153
431500,2021,35
431505,2021,24
431507,2021,11
431510,2021,101
431513,2021,18
431514,2021,21
431515,2021,57
431517,2021,13
431520,2021,21
431530,2021,275
431531,2021,15
431532,2021,24
431535,2021,42
431540,2021,191
431545,2021,19
431550,2021,155
431555,2021,25
431560,2021,2299
431570,2021,353
431575,2021,46
431580,2021,92
431590,2021,92
431595,2021,24
431600,2021,241
431610,2021,119
431620,2021,30
431630,2021,59
431640,2021,456
431642,2021,27
431643,2021,18
431645,2021,101
431647,2021,24
431650,2021,86
431660,2021,177
431670,2021,77
431673,2021,20
431675,2021,54
431680,2021,1461
431690,2021,3084
431695,2021,52
431697,2021,15
431700,2021,56
431710,2021,986
431720,2021,989
431725,2021,7
431730,2021,327
431740,2021,483
431750,2021,968
431755,2021,10
431760,2021,464
431770,2021,108
431775,2021,23
431780,2021,199
431790,2021,149
431795,2021,28
431800,2021,706
431805,2021,30
431810,2021,131
431820,2021,260
431830,2021,674
431840,2021,209
431842,2021,28
431843,2021,26
431844,2021,19
431845,2021,25
431846,2021,24
431848,2021,40
431849,2021,14
431850,2021,264
431860,2021,58
431861,2021,36
431862,2021,71
431870,2021,2691
431880,2021,360
431890,2021,478
431900,2021,215
431910,2021,65
431912,2021,23
431915,2021,70
431920,2021,58
431930,2021,57
431935,2021,35
431936,2021,18
431937,2021,25
431940,2021,131
431950,2021,278
431960,2021,233
431970,2021,26
431971,2021,14
431973,2021,39
431975,2021,25
431980,2021,61
431990,2021,1066
432000,2021,1471
432010,2021,307
432020,2021,186
432023,2021,22
432026,2021,90
432030,2021,49
432032,2021,20
432035,2021,41
432040,2021,195
432045,2021,19
432050,2021,60
432055,2021,49
432057,2021,24
432060,2021,25
432065,2021,17
432067,2021,69
432070,2021,179
432080,2021,380
432085,2021,55
432090,2021,359
432100,2021,120
432110,2021,146
432120,2021,575
432130,2021,251
432132,2021,36
432135,2021,44
432140,2021,229
432143,2021,143
432145,2021,443
432146,2021,36
432147,2021,52
432149,2021,15
432150,2021,564
432160,2021,704
432162,2021,15
432163,2021,13
432166,2021,121
432170,2021,243
432180,2021,355
432183,2021,38
432185,2021,68
432190,2021,290
432195,2021,85
432200,2021,314
432210,2021,43
432215,2021,34
432218,2021,12
432220,2021,232
432225,2021,57
432230,2021,76
432232,2021,27
432234,2021,19
432235,2021,7
432237,2021,24
432240,2021,1572
432250,2021,905
432252,2021,35
432253,2021,102
432254,2021,62
432255,2021,15
432260,2021,648
432270,2021,284
432280,2021,227
432285,2021,13
432290,2021,38
432300,2021,2330
432310,2021,68
432320,2021,19
432330,2021,28
432335,2021,15
432340,2021,37
432345,2021,33
432350,2021,28
432360,2021,12
432370,2021,34
432375,2021,29
432377,2021,24
432380,2021,244
500020,2021,257
500025,2021,45
500060,2021,629
500070,2021,414
500080,2021,79
500085,2021,159
500090,2021,139
500100,2021,401
500110,2021,723
500124,2021,162
500150,2021,84
500190,2021,379
500200,2021,133
500210,2021,415
500215,2021,128
500220,2021,406
500230,2021,141
500240,2021,508
500260,2021,159
500270,2021,12749
500280,2021,94
500290,2021,273
500295,2021,523
500310,2021,18
500315,2021,362
500320,2021,1867
500325,2021,434
500330,2021,462
500345,2021,169
500348,2021,126
500350,2021,74
500370,2021,4021
500375,2021,210
500380,2021,303
500390,2021,46
500400,2021,120
500410,2021,136
500430,2021,235
500440,2021,98
500450,2021,251
500460,2021,262
500470,2021,393
500480,2021,167
500490,2021,54
500500,2021,454
500510,2021,58
500515,2021,97
500520,2021,407
500525,2021,111
500540,2021,715
500560,2021,483
500568,2021,289
500570,2021,793
500580,2021,174
500600,2021,372
500620,2021,709
500625,2021,71
500627,2021,62
500630,2021,493
500635,2021,364
500640,2021,103
500660,2021,1819
500690,2021,233
500710,2021,334
500720,2021,612
500730,2021,53
500740,2021,275
500750,2021,71
500755,2021,68
500769,2021,493
500770,2021,133
500780,2021,72
500790,2021,750
500793,2021,243
500795,2021,188
500797,2021,44
500800,2021,199
500830,2021,1934
500840,2021,89
510010,2021,44
510020,2021,450
510025,2021,913
510030,2021,182
510035,2021,96
510040,2021,148
510050,2021,94
510060,2021,151
510080,2021,130
510100,2021,47
510120,2021,5
510125,2021,254
510130,2021,189
510140,2021,403
510160,2021,58
510170,2021,450
510180,2021,1144
510185,2021,118
510190,2021,307
510250,2021,1484
510260,2021,490
510263,2021,821
510267,2021,825
510268,2021,134
510269,2021,66
510270,2021,470
510279,2021,142
510285,2021,110
510300,2021,272
510305,2021,138
510310,2021,72
510320,2021,456
510325,2021,522
510330,2021,323
510335,2021,689
510336,2021,49
510337,2021,153
510340,2021,9501
510343,2021,57
510345,2021,103
510350,2021,364
510360,2021,70
510370,2021,232
510380,2021,32
510385,2021,170
510390,2021,140
510395,2021,28
510410,2021,577
510420,2021,83
510450,2021,24
510452,2021,125
510454,2021,116
510455,2021,89
510460,2021,147
510480,2021,428
510490,2021,95
510500,2021,129
510510,2021,654
510515,2021,656
510517,2021,170
510520,2021,104
510523,2021,81
510525,2021,1489
510530,2021,34
510550,2021,254
510558,2021,189
510560,2021,385
510562,2021,404
510590,2021,244
510600,2021,65
510610,2021,117
510615,2021,184
510617,2021,102
510618,2021,96
510619,2021,82
510620,2021,46
510621,2021,174
510622,2021,933
510623,2021,254
510624,2021,196
510625,2021,311
510626,2021,120
510627,2021,39
510628,2021,90
510629,2021,185
510630,2021,403
510631,2021,41
510637,2021,241
510642,2021,653
510645,2021,40
510650,2021,503
510665,2021,78
510670,2021,14
510675,2021,860
510677,2021,172
510680,2021,91
510682,2021,157
510685,2021,41
510700,2021,211
510704,2021,1444
510706,2021,510
510710,2021,215
510715,2021,23
510718,2021,158
510719,2021,27
510720,2021,67
510724,2021,90
510726,2021,31
510729,2021,13
510730,2021,248
510735,2021,128
510740,2021,56
510757,2021,35
510760,2021,3917
510770,2021,186
510774,2021,36
510775,2021,43
510776,2021,49
510777,2021,112
510779,2021,84
510780,2021,233
510785,2021,151
510787,2021,574
510788,2021,19
510790,2021,3351
510792,2021,2096
510794,2021,152
510795,2021,1749
510800,2021,217
510805,2021,168
510810,2021,23
510820,2021,50
510830,2021,41
510835,2021,35
510840,2021,4686
510850,2021,168
510860,2021,272
510880,2021,68
510885,2021,50
510890,2021,78
510895,2021,115
520005,2021,213
520010,2021,182
520013,2021,239
520015,2021,24
520017,2021,49
520020,2021,17
520025,2021,3094
520030,2021,398
520050,2021,17
520055,2021,115
520060,2021,141
520080,2021,131
520082,2021,20
520085,2021,82
520090,2021,25
520110,2021,5671
520120,2021,7
520130,2021,208
520140,2021,7218
520145,2021,20
520150,2021,69
520160,2021,23
520170,2021,221
520180,2021,155
520215,2021,38
520235,2021,30
520250,2021,99
520260,2021,33
520280,2021,23
520310,2021,30
520320,2021,142
520330,2021,420
520340,2021,120
520350,2021,340
520355,2021,123
520357,2021,42
520360,2021,40
520380,2021,86
520390,2021,113
520393,2021,33
520396,2021,52
520400,2021,88
520410,2021,111
520420,2021,19
520425,2021,66
520430,2021,162
520440,2021,205
520450,2021,1260
520455,2021,34
520460,2021,45
520465,2021,37
520470,2021,140
520480,2021,88
520485,2021,120
520490,2021,300
520495,2021,49
520500,2021,89
520505,2021,28
520510,2021,1400
520520,2021,42
520530,2021,136
520540,2021,285
520545,2021,81
520547,2021,214
520549,2021,1156
520551,2021,277
520552,2021,61
520570,2021,24
520580,2021,99
520590,2021,102
520620,2021,928
520630,2021,50
520640,2021,196
520650,2021,40
520660,2021,29
520670,2021,60
520680,2021,19
520690,2021,18
520710,2021,15
520725,2021,72
520735,2021,46
520740,2021,137
520750,2021,31
520753,2021,55
520760,2021,41
520780,2021,94
520790,2021,93
520800,2021,1679
520810,2021,52
520815,2021,31
520830,2021,63
520840,2021,185
520850,2021,42
520860,2021,1003
520870,2021,18698
520880,2021,926
520890,2021,213
520910,2021,419
520915,2021,45
520920,2021,213
520929,2021,12
520940,2021,43
520945,2021,22
520960,2021,34
520970,2021,319
520980,2021,39
520990,2021,178
520993,2021,55
520995,2021,200
521000,2021,600
521010,2021,303
521015,2021,29
521020,2021,403
521030,2021,27
521040,2021,562
521056,2021,50
521060,2021,41
521080,2021,68
521090,2021,282
521100,2021,75
521120,2021,312
521130,2021,65
521140,2021,82
521150,2021,1263
521160,2021,21
521170,2021,61
521180,2021,525
521190,2021,1441
521200,2021,47
521205,2021,22
521210,2021,84
521220,2021,205
521225,2021,21
521230,2021,82
521250,2021,2919
521260,2021,16
521270,2021,162
521280,2021,132
521290,2021,36
521295,2021,49
521300,2021,141
521305,2021,27
521308,2021,390
521310,2021,1026
521340,2021,6
521350,2021,97
521370,2021,98
521375,2021,165
521377,2021,47
521380,2021,632
521385,2021,35
521390,2021,49
521400,2021,245
521405,2021,93
521410,2021,52
521440,2021,82
521450,2021,467
521460,2021,414
521470,2021,19
521480,2021,17
521483,2021,165
521486,2021,72
521487,2021,35
521490,2021,36
521500,2021,88
521520,2021,41
521523,2021,1414
521525,2021,47
521530,2021,212
521540,2021,53
521550,2021,78
521560,2021,396
521565,2021,44
521570,2021,437
521580,2021,10
521590,2021,45
521600,2021,32
521630,2021,82
521640,2021,140
521645,2021,44
521680,2021,70
521690,2021,30
521710,2021,234
521720,2021,142
521730,2021,271
521740,2021,368
521760,2021,1465
521770,2021,196
521800,2021,554
521805,2021,64
521810,2021,32
521830,2021,559
521839,2021,30
521850,2021,621
521860,2021,162
521870,2021,44
521878,2021,32
521880,2021,3284
521890,2021,209
521900,2021,83
521910,2021,72
521920,2021,18
521925,2021,61
521930,2021,470
521935,2021,34
521940,2021,61
521945,2021,29
521950,2021,36
521960,2021,35
521970,2021,104
521971,2021,52
521973,2021,72
521975,2021,901
521980,2021,122
521990,2021,55
522000,2021,174
522005,2021,17
522010,2021,409
522015,2021,90
522020,2021,280
522026,2021,39
522028,2021,30
522040,2021,204
522045,2021,2236
522050,2021,79
522060,2021,195
522068,2021,89
522070,2021,27
522100,2021,42
522108,2021,37
522119,2021,89
522130,2021,19
522140,2021,1832
522145,2021,45
522150,2021,57
522155,2021,61
522157,2021,20
522160,2021,529
522170,2021,160
522180,2021,27
522185,2021,2358
522190,2021,28
522200,2021,207
522205,2021,99
522220,2021,64
522230,2021,70
530010,2021,38035
